{"version": "1", "message": "ERROR: Hidden Testcases server unreachable.", "problem_id": "ads2_m16_a1_1", "user_id": "madhavimvh", "score": {"sample": {"0": {"execution_time": 1.663698673248291, "passed": true}, "1": {"execution_time": 1.8514404296875, "passed": true}, "2": {"execution_time": 2.562776803970337, "passed": true}, "3": {"execution_time": 2.6757700443267822, "passed": true}, "4": {"execution_time": 2.7697861194610596, "passed": true}, "5": {"execution_time": 2.804739236831665, "passed": true}, "6": {"execution_time": 2.735921859741211, "passed": true}, "7": {"execution_time": 2.7375965118408203, "passed": true}, "8": {"execution_time": 2.03554105758667, "passed": true}, "9": {"execution_time": 1.3365998268127441, "passed": true}, "10": {"execution_time": 1.332986831665039, "passed": true}, "11": {"execution_time": 3.058770179748535, "passed": true}, "12": {"execution_time": 2.928521156311035, "passed": true}, "13": {"execution_time": 1.2144603729248047, "passed": true}, "14": {"execution_time": 1.342498779296875, "passed": true}, "15": {"execution_time": 10.206038236618042, "passed": false}, "16": {"execution_time": 1.8628671169281006, "passed": true}, "17": {"execution_time": 1.8097589015960693, "passed": true}, "18": {"execution_time": 1.7654893398284912, "passed": true}, "19": {"execution_time": 10.05186152458191, "passed": false}, "20": {"execution_time": 10.05125880241394, "passed": false}, "21": {"execution_time": 0.40221190452575684, "passed": true}, "22": {"execution_time": 0.3965938091278076, "passed": true}, "23": {"execution_time": 10.042152643203735, "passed": false}, "24": {"execution_time": 1.2135446071624756, "passed": true}, "25": {"execution_time": 10.225276231765747, "passed": false}, "26": {"execution_time": 10.240397691726685, "passed": false}, "27": {"execution_time": 10.198255777359009, "passed": false}, "28": {"execution_time": 10.229891061782837, "passed": false}, "29": {"execution_time": 0.2580690383911133, "passed": false}}}, "check_style_score": "0/1"}