{"version": "1", "message": "ERROR: Hidden Testcases server unreachable.", "problem_id": "ads2_m16_a1_1", "user_id": "madhavimvh", "score": {"sample": {"0": {"execution_time": 0.33809661865234375, "passed": true}, "1": {"execution_time": 0.29109621047973633, "passed": true}, "2": {"execution_time": 0.7491366863250732, "passed": true}, "3": {"execution_time": 0.6512579917907715, "passed": true}, "4": {"execution_time": 0.666419506072998, "passed": true}, "5": {"execution_time": 0.6582908630371094, "passed": true}, "6": {"execution_time": 0.6968340873718262, "passed": true}, "7": {"execution_time": 0.6483550071716309, "passed": true}, "8": {"execution_time": 0.37014055252075195, "passed": true}, "9": {"execution_time": 0.6653006076812744, "passed": true}, "10": {"execution_time": 0.6931664943695068, "passed": true}, "11": {"execution_time": 4.369696855545044, "passed": true}, "12": {"execution_time": 0.6571500301361084, "passed": true}, "13": {"execution_time": 0.27701377868652344, "passed": true}, "14": {"execution_time": 0.6433253288269043, "passed": true}, "15": {"execution_time": 0.6797692775726318, "passed": true}, "16": {"execution_time": 0.35466551780700684, "passed": true}, "17": {"execution_time": 0.3950188159942627, "passed": true}, "18": {"execution_time": 0.3531005382537842, "passed": true}, "19": {"execution_time": 0.3800647258758545, "passed": true}, "20": {"execution_time": 0.4214668273925781, "passed": true}, "21": {"execution_time": 0.35450267791748047, "passed": true}, "22": {"execution_time": 0.330599308013916, "passed": true}, "23": {"execution_time": 0.35576820373535156, "passed": true}, "24": {"execution_time": 0.2535419464111328, "passed": true}, "25": {"execution_time": 0.7402896881103516, "passed": true}, "26": {"execution_time": 0.5945291519165039, "passed": true}, "27": {"execution_time": 0.7390234470367432, "passed": true}, "28": {"execution_time": 1.3174753189086914, "passed": true}, "29": {"execution_time": 0.25783395767211914, "passed": true}}}, "check_style_score": "0/1"}