{"version": "1", "message": "ERROR: Hidden Testcases server unreachable.", "problem_id": "ads2_m16_a1_1", "user_id": "madhavimvh", "score": {"sample": {"0": {"execution_time": 0.41788196563720703, "passed": true}, "1": {"execution_time": 0.30139803886413574, "passed": true}, "2": {"execution_time": 0.6788032054901123, "passed": true}, "3": {"execution_time": 0.6982400417327881, "passed": true}, "4": {"execution_time": 0.6762642860412598, "passed": true}, "5": {"execution_time": 0.7808988094329834, "passed": true}, "6": {"execution_time": 0.6971704959869385, "passed": true}, "7": {"execution_time": 0.6792819499969482, "passed": true}, "8": {"execution_time": 0.39108824729919434, "passed": true}, "9": {"execution_time": 0.747861385345459, "passed": true}, "10": {"execution_time": 0.6513030529022217, "passed": true}, "11": {"execution_time": 4.430625677108765, "passed": true}, "12": {"execution_time": 0.6878716945648193, "passed": true}, "13": {"execution_time": 0.2823667526245117, "passed": true}, "14": {"execution_time": 0.7151744365692139, "passed": true}, "15": {"execution_time": 0.680304765701294, "passed": true}, "16": {"execution_time": 0.40038609504699707, "passed": true}, "17": {"execution_time": 0.371185302734375, "passed": true}, "18": {"execution_time": 0.41480135917663574, "passed": true}, "19": {"execution_time": 0.38182997703552246, "passed": true}, "20": {"execution_time": 0.42281246185302734, "passed": true}, "21": {"execution_time": 0.34909558296203613, "passed": true}, "22": {"execution_time": 0.3700718879699707, "passed": true}, "23": {"execution_time": 0.3621408939361572, "passed": true}, "24": {"execution_time": 0.2526876926422119, "passed": true}, "25": {"execution_time": 0.7476511001586914, "passed": true}, "26": {"execution_time": 0.5771493911743164, "passed": true}, "27": {"execution_time": 0.7563290596008301, "passed": true}, "28": {"execution_time": 1.7338924407958984, "passed": true}, "29": {"execution_time": 0.343080997467041, "passed": true}}}, "check_style_score": "0/1"}