{"version": "1", "message": "ERROR: Hidden Testcases server unreachable.", "problem_id": "ads2_m16_a1_1", "user_id": "madhavimvh", "score": {"sample": {"0": {"execution_time": 0.2906472682952881, "passed": true}, "1": {"execution_time": 0.2950453758239746, "passed": true}, "2": {"execution_time": 0.6463825702667236, "passed": true}, "3": {"execution_time": 0.6520678997039795, "passed": true}, "4": {"execution_time": 0.6472122669219971, "passed": true}, "5": {"execution_time": 0.6673469543457031, "passed": true}, "6": {"execution_time": 0.6663954257965088, "passed": true}, "7": {"execution_time": 0.6534128189086914, "passed": true}, "8": {"execution_time": 0.36725783348083496, "passed": true}, "9": {"execution_time": 0.6553947925567627, "passed": true}, "10": {"execution_time": 0.6406183242797852, "passed": true}, "11": {"execution_time": 4.3398964405059814, "passed": true}, "12": {"execution_time": 0.6632583141326904, "passed": true}, "13": {"execution_time": 0.2624020576477051, "passed": true}, "14": {"execution_time": 0.6549332141876221, "passed": true}, "15": {"execution_time": 0.6363534927368164, "passed": true}, "16": {"execution_time": 0.36470770835876465, "passed": true}, "17": {"execution_time": 0.350144624710083, "passed": true}, "18": {"execution_time": 0.3560490608215332, "passed": true}, "19": {"execution_time": 0.35610389709472656, "passed": true}, "20": {"execution_time": 0.3918426036834717, "passed": true}, "21": {"execution_time": 0.34220027923583984, "passed": true}, "22": {"execution_time": 0.3506507873535156, "passed": true}, "23": {"execution_time": 0.35797882080078125, "passed": true}, "24": {"execution_time": 0.2654099464416504, "passed": true}, "25": {"execution_time": 0.6953380107879639, "passed": true}, "26": {"execution_time": 0.5720555782318115, "passed": true}, "27": {"execution_time": 0.7358744144439697, "passed": true}, "28": {"execution_time": 1.3745367527008057, "passed": true}, "29": {"execution_time": 0.2623715400695801, "passed": true}}}, "check_style_score": "0/1"}