{"version": "1", "message": "ERROR: Hidden Testcases server unreachable.", "problem_id": "ads2_m16_a1_1", "user_id": "madhavimvh", "score": {"sample": {"0": {"execution_time": 0.340090274810791, "passed": false}, "1": {"execution_time": 0.3403153419494629, "passed": true}, "2": {"execution_time": 0.6653158664703369, "passed": true}, "3": {"execution_time": 0.6584324836730957, "passed": true}, "4": {"execution_time": 0.6741740703582764, "passed": true}, "5": {"execution_time": 0.671431303024292, "passed": false}, "6": {"execution_time": 0.6862807273864746, "passed": false}, "7": {"execution_time": 0.678135871887207, "passed": false}, "8": {"execution_time": 0.3611876964569092, "passed": false}, "9": {"execution_time": 0.6606400012969971, "passed": true}, "10": {"execution_time": 0.674241304397583, "passed": false}, "11": {"execution_time": 4.397109746932983, "passed": false}, "12": {"execution_time": 0.6965973377227783, "passed": false}, "13": {"execution_time": 0.2701570987701416, "passed": true}, "14": {"execution_time": 0.6614291667938232, "passed": true}, "15": {"execution_time": 0.6677796840667725, "passed": false}, "16": {"execution_time": 0.35237956047058105, "passed": true}, "17": {"execution_time": 0.35913801193237305, "passed": true}, "18": {"execution_time": 0.3542358875274658, "passed": true}, "19": {"execution_time": 0.3734583854675293, "passed": false}, "20": {"execution_time": 0.39262938499450684, "passed": true}, "21": {"execution_time": 0.3614945411682129, "passed": true}, "22": {"execution_time": 0.349778413772583, "passed": false}, "23": {"execution_time": 0.3671140670776367, "passed": false}, "24": {"execution_time": 0.25858092308044434, "passed": true}, "25": {"execution_time": 0.7951910495758057, "passed": false}, "26": {"execution_time": 0.5809152126312256, "passed": false}, "27": {"execution_time": 0.7660653591156006, "passed": false}, "28": {"execution_time": 1.2873802185058594, "passed": false}, "29": {"execution_time": 0.25782179832458496, "passed": true}}}, "check_style_score": "1/1"}