{"version": "1", "message": "ERROR: Hidden Testcases server unreachable.", "problem_id": "ads2_m16_a1_1", "user_id": "madhavimvh", "score": {"sample": {"0": {"execution_time": 0.38297533988952637, "passed": true}, "1": {"execution_time": 0.29421329498291016, "passed": true}, "2": {"execution_time": 0.6557128429412842, "passed": true}, "3": {"execution_time": 0.743048906326294, "passed": true}, "4": {"execution_time": 0.6940889358520508, "passed": true}, "5": {"execution_time": 0.7121443748474121, "passed": true}, "6": {"execution_time": 0.7759573459625244, "passed": true}, "7": {"execution_time": 0.707690954208374, "passed": true}, "8": {"execution_time": 0.3770582675933838, "passed": true}, "9": {"execution_time": 0.6634116172790527, "passed": true}, "10": {"execution_time": 0.6659102439880371, "passed": true}, "11": {"execution_time": 4.485374450683594, "passed": true}, "12": {"execution_time": 0.6622476577758789, "passed": true}, "13": {"execution_time": 0.27637577056884766, "passed": true}, "14": {"execution_time": 0.674274206161499, "passed": true}, "15": {"execution_time": 0.6853015422821045, "passed": true}, "16": {"execution_time": 0.37670373916625977, "passed": true}, "17": {"execution_time": 0.3872087001800537, "passed": true}, "18": {"execution_time": 0.47971630096435547, "passed": true}, "19": {"execution_time": 0.37308335304260254, "passed": true}, "20": {"execution_time": 0.4298532009124756, "passed": true}, "21": {"execution_time": 0.392040491104126, "passed": true}, "22": {"execution_time": 0.3989865779876709, "passed": true}, "23": {"execution_time": 0.46091437339782715, "passed": true}, "24": {"execution_time": 0.25446367263793945, "passed": true}, "25": {"execution_time": 0.7463493347167969, "passed": true}, "26": {"execution_time": 0.6771883964538574, "passed": true}, "27": {"execution_time": 0.7925732135772705, "passed": true}, "28": {"execution_time": 1.3419451713562012, "passed": true}, "29": {"execution_time": 0.2673366069793701, "passed": true}}}, "check_style_score": "0/1"}