{"version": "1", "message": "ERROR: Hidden Testcases server unreachable.", "problem_id": "ads2_m16_a1_1", "user_id": "madhavimvh", "score": {"sample": {"0": {"execution_time": 1.6962931156158447, "passed": true}, "1": {"execution_time": 1.9609029293060303, "passed": true}, "2": {"execution_time": 1.9120652675628662, "passed": true}, "3": {"execution_time": 2.054741621017456, "passed": true}, "4": {"execution_time": 2.0579745769500732, "passed": true}, "5": {"execution_time": 2.2701029777526855, "passed": true}, "6": {"execution_time": 2.2125627994537354, "passed": true}, "7": {"execution_time": 2.0151522159576416, "passed": true}, "8": {"execution_time": 1.8368778228759766, "passed": true}, "9": {"execution_time": 0.6553294658660889, "passed": true}, "10": {"execution_time": 0.6493093967437744, "passed": true}, "11": {"execution_time": 3.061478614807129, "passed": true}, "12": {"execution_time": 2.393392562866211, "passed": true}, "13": {"execution_time": 1.3146324157714844, "passed": true}, "14": {"execution_time": 0.7078211307525635, "passed": true}, "15": {"execution_time": 10.060467004776001, "passed": false}, "16": {"execution_time": 1.6855292320251465, "passed": true}, "17": {"execution_time": 1.6197161674499512, "passed": true}, "18": {"execution_time": 1.6095492839813232, "passed": true}, "19": {"execution_time": 10.028829574584961, "passed": false}, "20": {"execution_time": 10.029275894165039, "passed": false}, "21": {"execution_time": 0.35184788703918457, "passed": true}, "22": {"execution_time": 0.35450124740600586, "passed": true}, "23": {"execution_time": 10.036480188369751, "passed": false}, "24": {"execution_time": 1.2634222507476807, "passed": true}, "25": {"execution_time": 10.063186407089233, "passed": false}, "26": {"execution_time": 10.056648254394531, "passed": false}, "27": {"execution_time": 10.054363012313843, "passed": false}, "28": {"execution_time": 10.134742021560669, "passed": false}, "29": {"execution_time": 0.25540590286254883, "passed": false}}}, "check_style_score": "0/1"}