{"version": "1", "message": "ERROR: Hidden Testcases server unreachable.", "problem_id": "ads2_m16_a1_1", "user_id": "madhavimvh", "score": {"sample": {"0": {"execution_time": 0.3510611057281494, "passed": false}, "1": {"execution_time": 0.3510472774505615, "passed": false}, "2": {"execution_time": 1.7513163089752197, "passed": false}, "3": {"execution_time": 1.5369250774383545, "passed": false}, "4": {"execution_time": 1.5558383464813232, "passed": false}, "5": {"execution_time": 1.5748698711395264, "passed": false}, "6": {"execution_time": 1.5331757068634033, "passed": false}, "7": {"execution_time": 1.5445728302001953, "passed": false}, "8": {"execution_time": 0.4558711051940918, "passed": false}, "9": {"execution_time": 1.409965991973877, "passed": false}, "10": {"execution_time": 2.9691169261932373, "passed": false}, "11": {"execution_time": 0.28028178215026855, "passed": false}, "12": {"execution_time": 1.4760806560516357, "passed": false}, "13": {"execution_time": 0.29158854484558105, "passed": false}, "14": {"execution_time": 1.413557767868042, "passed": false}, "15": {"execution_time": 10.209511518478394, "passed": false}, "16": {"execution_time": 0.4209587574005127, "passed": false}, "17": {"execution_time": 0.4265258312225342, "passed": false}, "18": {"execution_time": 0.46009039878845215, "passed": false}, "19": {"execution_time": 10.046499729156494, "passed": false}, "20": {"execution_time": 10.046788930892944, "passed": false}, "21": {"execution_time": 0.40781593322753906, "passed": false}, "22": {"execution_time": 0.5974383354187012, "passed": false}, "23": {"execution_time": 10.044957160949707, "passed": false}, "24": {"execution_time": 0.25383520126342773, "passed": false}, "25": {"execution_time": 1.8870396614074707, "passed": false}, "26": {"execution_time": 1.350782871246338, "passed": false}, "27": {"execution_time": 1.862579345703125, "passed": false}, "28": {"execution_time": 3.528106451034546, "passed": false}, "29": {"execution_time": 0.2549552917480469, "passed": false}}}, "check_style_score": "0/1"}