{"version": "1", "message": "ERROR: Hidden Testcases server unreachable.", "problem_id": "ads2_m16_a1_1", "user_id": "madhavimvh", "score": {"sample": {"0": {"execution_time": 0.6316094398498535, "passed": false}, "1": {"execution_time": 0.3354015350341797, "passed": false}, "2": {"execution_time": 1.4683818817138672, "passed": false}, "3": {"execution_time": 1.3075025081634521, "passed": false}, "4": {"execution_time": 1.328812837600708, "passed": false}, "5": {"execution_time": 1.3594262599945068, "passed": false}, "6": {"execution_time": 1.33848237991333, "passed": false}, "7": {"execution_time": 1.3287444114685059, "passed": false}, "8": {"execution_time": 0.4905362129211426, "passed": false}, "9": {"execution_time": 1.3165807723999023, "passed": false}, "10": {"execution_time": 1.315535306930542, "passed": false}, "11": {"execution_time": 0.2876932621002197, "passed": false}, "12": {"execution_time": 1.4373953342437744, "passed": false}, "13": {"execution_time": 0.28934407234191895, "passed": false}, "14": {"execution_time": 1.4135994911193848, "passed": false}, "15": {"execution_time": 10.191742897033691, "passed": false}, "16": {"execution_time": 0.4496433734893799, "passed": false}, "17": {"execution_time": 0.7792365550994873, "passed": false}, "18": {"execution_time": 0.3880429267883301, "passed": false}, "19": {"execution_time": 4.756664276123047, "passed": false}, "20": {"execution_time": 10.046941041946411, "passed": false}, "21": {"execution_time": 0.3860342502593994, "passed": false}, "22": {"execution_time": 0.40305614471435547, "passed": false}, "23": {"execution_time": 10.045767068862915, "passed": false}, "24": {"execution_time": 0.29996776580810547, "passed": false}, "25": {"execution_time": 1.4608969688415527, "passed": false}, "26": {"execution_time": 1.1485545635223389, "passed": false}, "27": {"execution_time": 1.4688308238983154, "passed": false}, "28": {"execution_time": 3.0838468074798584, "passed": false}, "29": {"execution_time": 0.3662259578704834, "passed": false}}}, "check_style_score": "0/1"}