{"version": "1", "message": "ERROR: Hidden Testcases server unreachable.", "problem_id": "ads2_m16_a1_1", "user_id": "madhavimvh", "score": {"sample": {"0": {"execution_time": 0.25443601608276367, "passed": false}, "1": {"execution_time": 0.25597500801086426, "passed": false}, "2": {"execution_time": 0.4693624973297119, "passed": false}, "3": {"execution_time": 0.4499058723449707, "passed": false}, "4": {"execution_time": 0.47687363624572754, "passed": false}, "5": {"execution_time": 0.45395517349243164, "passed": false}, "6": {"execution_time": 0.47379350662231445, "passed": false}, "7": {"execution_time": 0.45890069007873535, "passed": false}, "8": {"execution_time": 0.2926914691925049, "passed": false}, "9": {"execution_time": 0.44900965690612793, "passed": false}, "10": {"execution_time": 0.4476053714752197, "passed": false}, "11": {"execution_time": 0.21398425102233887, "passed": false}, "12": {"execution_time": 0.4447343349456787, "passed": false}, "13": {"execution_time": 0.23552703857421875, "passed": false}, "14": {"execution_time": 0.4499087333679199, "passed": false}, "15": {"execution_time": 0.45846033096313477, "passed": false}, "16": {"execution_time": 0.28200387954711914, "passed": false}, "17": {"execution_time": 0.3524496555328369, "passed": false}, "18": {"execution_time": 0.3261260986328125, "passed": false}, "19": {"execution_time": 0.34711360931396484, "passed": false}, "20": {"execution_time": 0.3122682571411133, "passed": false}, "21": {"execution_time": 0.330153226852417, "passed": false}, "22": {"execution_time": 0.29823923110961914, "passed": false}, "23": {"execution_time": 0.36402368545532227, "passed": false}, "24": {"execution_time": 0.307175874710083, "passed": false}, "25": {"execution_time": 0.6333043575286865, "passed": false}, "26": {"execution_time": 0.4618189334869385, "passed": false}, "27": {"execution_time": 0.49072694778442383, "passed": false}, "28": {"execution_time": 0.6822855472564697, "passed": false}, "29": {"execution_time": 0.27819156646728516, "passed": false}}}, "check_style_score": "0/1"}