{"version": "1", "message": "ERROR: Hidden Testcases server unreachable.", "problem_id": "ads2_m16_a1_1", "user_id": "madhavimvh", "score": {"sample": {"0": {"execution_time": 2.6406662464141846, "passed": true}, "1": {"execution_time": 2.6698176860809326, "passed": true}, "2": {"execution_time": 3.785099506378174, "passed": true}, "3": {"execution_time": 3.3980467319488525, "passed": true}, "4": {"execution_time": 2.960712432861328, "passed": true}, "5": {"execution_time": 2.9576523303985596, "passed": true}, "6": {"execution_time": 2.9243459701538086, "passed": true}, "7": {"execution_time": 2.777247905731201, "passed": true}, "8": {"execution_time": 2.784855842590332, "passed": true}, "9": {"execution_time": 1.0824651718139648, "passed": true}, "10": {"execution_time": 1.05442476272583, "passed": true}, "11": {"execution_time": 10.02853012084961, "passed": false}, "12": {"execution_time": 3.052341938018799, "passed": true}, "13": {"execution_time": 1.9517126083374023, "passed": true}, "14": {"execution_time": 1.0045537948608398, "passed": true}, "15": {"execution_time": 10.060200691223145, "passed": false}, "16": {"execution_time": 2.266780376434326, "passed": true}, "17": {"execution_time": 2.232388734817505, "passed": true}, "18": {"execution_time": 2.189765691757202, "passed": true}, "19": {"execution_time": 10.032938480377197, "passed": false}, "20": {"execution_time": 10.032002210617065, "passed": false}, "21": {"execution_time": 0.42476844787597656, "passed": true}, "22": {"execution_time": 0.4337282180786133, "passed": true}, "23": {"execution_time": 10.05041217803955, "passed": false}, "24": {"execution_time": 1.9689013957977295, "passed": true}, "25": {"execution_time": 10.055678129196167, "passed": false}, "26": {"execution_time": 10.047046661376953, "passed": false}, "27": {"execution_time": 10.058544158935547, "passed": false}, "28": {"execution_time": 10.130156993865967, "passed": false}, "29": {"execution_time": 0.32145071029663086, "passed": true}}}, "check_style_score": "0/1"}