{"version": "1", "message": "ERROR: Hidden Testcases server unreachable.", "problem_id": "ads2_m16_a1_1", "user_id": "madhavimvh", "score": {"sample": {"0": {"execution_time": 0.2902231216430664, "passed": false}, "1": {"execution_time": 0.29331254959106445, "passed": false}, "2": {"execution_time": 0.4291725158691406, "passed": false}, "3": {"execution_time": 0.43920254707336426, "passed": false}, "4": {"execution_time": 0.42722010612487793, "passed": false}, "5": {"execution_time": 0.45096421241760254, "passed": false}, "6": {"execution_time": 0.4363696575164795, "passed": false}, "7": {"execution_time": 0.43692469596862793, "passed": false}, "8": {"execution_time": 0.2787349224090576, "passed": false}, "9": {"execution_time": 0.4738352298736572, "passed": false}, "10": {"execution_time": 0.4339711666107178, "passed": false}, "11": {"execution_time": 0.21356868743896484, "passed": false}, "12": {"execution_time": 0.4379448890686035, "passed": false}, "13": {"execution_time": 0.23249530792236328, "passed": false}, "14": {"execution_time": 0.44673681259155273, "passed": false}, "15": {"execution_time": 0.4426307678222656, "passed": false}, "16": {"execution_time": 0.3559541702270508, "passed": false}, "17": {"execution_time": 0.27654194831848145, "passed": false}, "18": {"execution_time": 0.2814033031463623, "passed": false}, "19": {"execution_time": 0.27934789657592773, "passed": false}, "20": {"execution_time": 0.276430606842041, "passed": false}, "21": {"execution_time": 0.2763214111328125, "passed": false}, "22": {"execution_time": 0.2801244258880615, "passed": false}, "23": {"execution_time": 0.289959192276001, "passed": false}, "24": {"execution_time": 0.24697256088256836, "passed": false}, "25": {"execution_time": 0.5147848129272461, "passed": false}, "26": {"execution_time": 0.3921504020690918, "passed": false}, "27": {"execution_time": 0.43921780586242676, "passed": false}, "28": {"execution_time": 0.5894746780395508, "passed": false}, "29": {"execution_time": 0.2903757095336914, "passed": false}}}, "check_style_score": "0/1"}