{"version": "1", "message": "ERROR: Hidden Testcases server unreachable.", "problem_id": "ads2_m16_a1_1", "user_id": "madhavimvh", "score": {"sample": {"0": {"execution_time": 0.449796199798584, "passed": false}, "1": {"execution_time": 0.39294981956481934, "passed": true}, "2": {"execution_time": 0.6881372928619385, "passed": true}, "3": {"execution_time": 0.7541904449462891, "passed": true}, "4": {"execution_time": 0.6761934757232666, "passed": true}, "5": {"execution_time": 0.6662611961364746, "passed": false}, "6": {"execution_time": 0.7081830501556396, "passed": false}, "7": {"execution_time": 0.666334867477417, "passed": false}, "8": {"execution_time": 0.3677937984466553, "passed": false}, "9": {"execution_time": 0.6628730297088623, "passed": true}, "10": {"execution_time": 0.6533668041229248, "passed": false}, "11": {"execution_time": 4.517603397369385, "passed": false}, "12": {"execution_time": 0.6782407760620117, "passed": false}, "13": {"execution_time": 0.2857539653778076, "passed": true}, "14": {"execution_time": 0.7539827823638916, "passed": true}, "15": {"execution_time": 0.6726260185241699, "passed": false}, "16": {"execution_time": 0.3599710464477539, "passed": true}, "17": {"execution_time": 0.4211008548736572, "passed": true}, "18": {"execution_time": 0.37586426734924316, "passed": true}, "19": {"execution_time": 0.4214015007019043, "passed": false}, "20": {"execution_time": 0.40728235244750977, "passed": true}, "21": {"execution_time": 0.35413169860839844, "passed": true}, "22": {"execution_time": 0.37607455253601074, "passed": false}, "23": {"execution_time": 0.38559865951538086, "passed": false}, "24": {"execution_time": 0.29697608947753906, "passed": true}, "25": {"execution_time": 0.7769780158996582, "passed": false}, "26": {"execution_time": 0.6323568820953369, "passed": false}, "27": {"execution_time": 0.7849617004394531, "passed": false}, "28": {"execution_time": 1.3193976879119873, "passed": false}, "29": {"execution_time": 0.26090168952941895, "passed": true}}}, "check_style_score": "1/1"}