{"version": "1", "message": "ERROR: Hidden Testcases server unreachable.", "problem_id": "ads2_m16_a1_1", "user_id": "madhavimvh", "score": {"sample": {"0": {"execution_time": 0.3580915927886963, "passed": false}, "1": {"execution_time": 0.31354761123657227, "passed": true}, "2": {"execution_time": 0.7899191379547119, "passed": true}, "3": {"execution_time": 0.6573257446289062, "passed": true}, "4": {"execution_time": 0.6675713062286377, "passed": true}, "5": {"execution_time": 0.7409381866455078, "passed": false}, "6": {"execution_time": 0.6533794403076172, "passed": false}, "7": {"execution_time": 0.7030189037322998, "passed": false}, "8": {"execution_time": 0.3763563632965088, "passed": false}, "9": {"execution_time": 0.6854338645935059, "passed": true}, "10": {"execution_time": 0.7542846202850342, "passed": false}, "11": {"execution_time": 4.390475034713745, "passed": false}, "12": {"execution_time": 0.7115368843078613, "passed": false}, "13": {"execution_time": 0.2689025402069092, "passed": true}, "14": {"execution_time": 0.671147346496582, "passed": true}, "15": {"execution_time": 0.6603751182556152, "passed": false}, "16": {"execution_time": 0.363114595413208, "passed": true}, "17": {"execution_time": 0.3650538921356201, "passed": true}, "18": {"execution_time": 0.42058897018432617, "passed": true}, "19": {"execution_time": 0.3929290771484375, "passed": false}, "20": {"execution_time": 0.40891218185424805, "passed": true}, "21": {"execution_time": 0.359236478805542, "passed": true}, "22": {"execution_time": 0.3606884479522705, "passed": false}, "23": {"execution_time": 0.3665142059326172, "passed": false}, "24": {"execution_time": 0.27652406692504883, "passed": true}, "25": {"execution_time": 0.7940225601196289, "passed": false}, "26": {"execution_time": 0.5917744636535645, "passed": false}, "27": {"execution_time": 0.769996166229248, "passed": false}, "28": {"execution_time": 1.303466558456421, "passed": false}, "29": {"execution_time": 0.2654397487640381, "passed": true}}}, "check_style_score": "1/1"}