{"version": "1", "message": "ERROR: Hidden Testcases server unreachable.", "problem_id": "ads2_m16_a1_1", "user_id": "madhavimvh", "score": {"sample": {"0": {"execution_time": 0.39205145835876465, "passed": false}, "1": {"execution_time": 0.24445486068725586, "passed": false}, "2": {"execution_time": 0.4404761791229248, "passed": false}, "3": {"execution_time": 0.45181822776794434, "passed": false}, "4": {"execution_time": 0.45789170265197754, "passed": false}, "5": {"execution_time": 0.4301154613494873, "passed": false}, "6": {"execution_time": 0.4449155330657959, "passed": false}, "7": {"execution_time": 0.440213680267334, "passed": false}, "8": {"execution_time": 0.3065452575683594, "passed": false}, "9": {"execution_time": 0.4423696994781494, "passed": false}, "10": {"execution_time": 0.45986127853393555, "passed": false}, "11": {"execution_time": 0.2080366611480713, "passed": false}, "12": {"execution_time": 0.43625736236572266, "passed": false}, "13": {"execution_time": 0.2322535514831543, "passed": false}, "14": {"execution_time": 0.4458625316619873, "passed": false}, "15": {"execution_time": 0.4429008960723877, "passed": false}, "16": {"execution_time": 0.3196902275085449, "passed": false}, "17": {"execution_time": 0.2852911949157715, "passed": false}, "18": {"execution_time": 0.2893383502960205, "passed": false}, "19": {"execution_time": 0.28333234786987305, "passed": false}, "20": {"execution_time": 0.2757253646850586, "passed": false}, "21": {"execution_time": 0.2862696647644043, "passed": false}, "22": {"execution_time": 0.2743220329284668, "passed": false}, "23": {"execution_time": 0.2703673839569092, "passed": false}, "24": {"execution_time": 0.21446895599365234, "passed": false}, "25": {"execution_time": 0.43649959564208984, "passed": false}, "26": {"execution_time": 0.38907790184020996, "passed": false}, "27": {"execution_time": 0.4440774917602539, "passed": false}, "28": {"execution_time": 0.5805718898773193, "passed": false}, "29": {"execution_time": 0.3457510471343994, "passed": false}}}, "check_style_score": "0/1"}