{"version": "1", "message": "ERROR: Hidden Testcases server unreachable.", "problem_id": "ads2_m16_a1_1", "user_id": "madhavimvh", "score": {"sample": {"0": {"execution_time": 0.338090181350708, "passed": true}, "1": {"execution_time": 0.2942674160003662, "passed": true}, "2": {"execution_time": 0.654503345489502, "passed": true}, "3": {"execution_time": 0.6475141048431396, "passed": true}, "4": {"execution_time": 0.6703677177429199, "passed": true}, "5": {"execution_time": 0.6612904071807861, "passed": true}, "6": {"execution_time": 0.6463899612426758, "passed": true}, "7": {"execution_time": 0.6558635234832764, "passed": true}, "8": {"execution_time": 0.43439221382141113, "passed": true}, "9": {"execution_time": 0.6398167610168457, "passed": true}, "10": {"execution_time": 0.6579391956329346, "passed": true}, "11": {"execution_time": 4.351247549057007, "passed": true}, "12": {"execution_time": 0.6630337238311768, "passed": true}, "13": {"execution_time": 0.27437448501586914, "passed": true}, "14": {"execution_time": 0.6618683338165283, "passed": true}, "15": {"execution_time": 0.6701905727386475, "passed": true}, "16": {"execution_time": 0.3477487564086914, "passed": true}, "17": {"execution_time": 0.3451576232910156, "passed": true}, "18": {"execution_time": 0.3556656837463379, "passed": true}, "19": {"execution_time": 0.3743736743927002, "passed": true}, "20": {"execution_time": 0.380535364151001, "passed": true}, "21": {"execution_time": 0.35704922676086426, "passed": true}, "22": {"execution_time": 0.3499472141265869, "passed": true}, "23": {"execution_time": 0.36308979988098145, "passed": true}, "24": {"execution_time": 0.2547292709350586, "passed": true}, "25": {"execution_time": 0.7066986560821533, "passed": true}, "26": {"execution_time": 0.567835807800293, "passed": true}, "27": {"execution_time": 0.7453536987304688, "passed": true}, "28": {"execution_time": 1.276526927947998, "passed": true}, "29": {"execution_time": 0.2590005397796631, "passed": true}}}, "check_style_score": "1/1"}