{"version": "1", "message": "ERROR: Hidden Testcases server unreachable.", "problem_id": "ads2_m16_a1_1", "user_id": "madhavimvh", "score": {"sample": {"0": {"execution_time": 0.3112618923187256, "passed": false}, "1": {"execution_time": 0.30307841300964355, "passed": false}, "2": {"execution_time": 1.332571268081665, "passed": false}, "3": {"execution_time": 1.342881679534912, "passed": false}, "4": {"execution_time": 1.3627371788024902, "passed": false}, "5": {"execution_time": 1.4538369178771973, "passed": false}, "6": {"execution_time": 1.304614543914795, "passed": false}, "7": {"execution_time": 1.3491733074188232, "passed": false}, "8": {"execution_time": 0.40813302993774414, "passed": false}, "9": {"execution_time": 1.3654141426086426, "passed": false}, "10": {"execution_time": 1.334975004196167, "passed": false}, "11": {"execution_time": 0.24041342735290527, "passed": false}, "12": {"execution_time": 1.3305065631866455, "passed": false}, "13": {"execution_time": 0.27080845832824707, "passed": false}, "14": {"execution_time": 1.1576166152954102, "passed": false}, "15": {"execution_time": 1.331791877746582, "passed": false}, "16": {"execution_time": 0.38702821731567383, "passed": false}, "17": {"execution_time": 0.3850276470184326, "passed": false}, "18": {"execution_time": 0.38706207275390625, "passed": false}, "19": {"execution_time": 0.3939042091369629, "passed": false}, "20": {"execution_time": 0.3925740718841553, "passed": false}, "21": {"execution_time": 0.40369510650634766, "passed": false}, "22": {"execution_time": 0.38901209831237793, "passed": false}, "23": {"execution_time": 0.39249658584594727, "passed": false}, "24": {"execution_time": 0.2556273937225342, "passed": false}, "25": {"execution_time": 1.4272913932800293, "passed": false}, "26": {"execution_time": 1.0731275081634521, "passed": false}, "27": {"execution_time": 1.315603256225586, "passed": false}, "28": {"execution_time": 2.931159019470215, "passed": false}, "29": {"execution_time": 0.26444292068481445, "passed": false}}}, "check_style_score": "0/1"}