{"version": "1", "message": "ERROR: Hidden Testcases server unreachable.", "problem_id": "ads2_m16_a1_1", "user_id": "madhavimvh", "score": {"sample": {"0": {"execution_time": 0.2912774085998535, "passed": true}, "1": {"execution_time": 0.2886502742767334, "passed": true}, "2": {"execution_time": 0.6642742156982422, "passed": true}, "3": {"execution_time": 0.6448309421539307, "passed": true}, "4": {"execution_time": 0.6583216190338135, "passed": true}, "5": {"execution_time": 0.7111482620239258, "passed": true}, "6": {"execution_time": 0.6529991626739502, "passed": true}, "7": {"execution_time": 0.6593189239501953, "passed": true}, "8": {"execution_time": 0.36462903022766113, "passed": true}, "9": {"execution_time": 0.651209831237793, "passed": true}, "10": {"execution_time": 0.650562047958374, "passed": true}, "11": {"execution_time": 4.406800746917725, "passed": true}, "12": {"execution_time": 0.6734304428100586, "passed": true}, "13": {"execution_time": 0.26845717430114746, "passed": true}, "14": {"execution_time": 0.6792356967926025, "passed": true}, "15": {"execution_time": 0.6624629497528076, "passed": true}, "16": {"execution_time": 0.36455774307250977, "passed": true}, "17": {"execution_time": 0.3551044464111328, "passed": true}, "18": {"execution_time": 0.36415934562683105, "passed": true}, "19": {"execution_time": 0.3706502914428711, "passed": true}, "20": {"execution_time": 0.37619709968566895, "passed": true}, "21": {"execution_time": 0.3506488800048828, "passed": true}, "22": {"execution_time": 0.35195446014404297, "passed": true}, "23": {"execution_time": 0.35024595260620117, "passed": true}, "24": {"execution_time": 0.2576584815979004, "passed": true}, "25": {"execution_time": 0.7450211048126221, "passed": true}, "26": {"execution_time": 0.5595676898956299, "passed": true}, "27": {"execution_time": 0.7562429904937744, "passed": true}, "28": {"execution_time": 1.2863810062408447, "passed": true}, "29": {"execution_time": 0.25595784187316895, "passed": true}}}, "check_style_score": "0/1"}