{"version": "1", "message": "ERROR: Hidden Testcases server unreachable.", "problem_id": "ads2_m16_a1_1", "user_id": "madhavimvh", "score": {"sample": {"0": {"execution_time": 0.3473484516143799, "passed": false}, "1": {"execution_time": 0.3036656379699707, "passed": false}, "2": {"execution_time": 1.3306550979614258, "passed": false}, "3": {"execution_time": 1.3116397857666016, "passed": false}, "4": {"execution_time": 1.3214657306671143, "passed": false}, "5": {"execution_time": 1.4009559154510498, "passed": false}, "6": {"execution_time": 1.3065388202667236, "passed": false}, "7": {"execution_time": 1.32340669631958, "passed": false}, "8": {"execution_time": 0.38607001304626465, "passed": false}, "9": {"execution_time": 1.3254549503326416, "passed": false}, "10": {"execution_time": 1.3098187446594238, "passed": false}, "11": {"execution_time": 0.24642300605773926, "passed": false}, "12": {"execution_time": 1.3125193119049072, "passed": false}, "13": {"execution_time": 0.254192590713501, "passed": false}, "14": {"execution_time": 1.2963500022888184, "passed": false}, "15": {"execution_time": 1.303239345550537, "passed": false}, "16": {"execution_time": 0.38218212127685547, "passed": false}, "17": {"execution_time": 0.4185953140258789, "passed": false}, "18": {"execution_time": 0.3850429058074951, "passed": false}, "19": {"execution_time": 0.4162764549255371, "passed": false}, "20": {"execution_time": 0.38004064559936523, "passed": false}, "21": {"execution_time": 0.3907909393310547, "passed": false}, "22": {"execution_time": 0.39462804794311523, "passed": false}, "23": {"execution_time": 0.3912675380706787, "passed": false}, "24": {"execution_time": 0.2574648857116699, "passed": false}, "25": {"execution_time": 1.4501545429229736, "passed": false}, "26": {"execution_time": 1.2039082050323486, "passed": false}, "27": {"execution_time": 1.4341301918029785, "passed": false}, "28": {"execution_time": 3.237776279449463, "passed": false}, "29": {"execution_time": 0.4044032096862793, "passed": false}}}, "check_style_score": "0/1"}