{"version": "1", "message": "ERROR: Hidden Testcases server unreachable.", "problem_id": "ads2_m16_a1_1", "user_id": "madhavimvh", "score": {"sample": {"0": {"execution_time": 2.329277753829956, "passed": true}, "1": {"execution_time": 2.704841375350952, "passed": true}, "2": {"execution_time": 2.688875436782837, "passed": true}, "3": {"execution_time": 2.8598344326019287, "passed": true}, "4": {"execution_time": 2.792630434036255, "passed": true}, "5": {"execution_time": 3.1614325046539307, "passed": true}, "6": {"execution_time": 2.896918535232544, "passed": true}, "7": {"execution_time": 2.851365804672241, "passed": true}, "8": {"execution_time": 2.515310049057007, "passed": true}, "9": {"execution_time": 1.025367021560669, "passed": true}, "10": {"execution_time": 0.9954338073730469, "passed": true}, "11": {"execution_time": 10.024490356445312, "passed": false}, "12": {"execution_time": 3.249802350997925, "passed": true}, "13": {"execution_time": 2.031252384185791, "passed": true}, "14": {"execution_time": 1.0984611511230469, "passed": true}, "15": {"execution_time": 10.059077262878418, "passed": false}, "16": {"execution_time": 2.5322065353393555, "passed": true}, "17": {"execution_time": 2.3350813388824463, "passed": true}, "18": {"execution_time": 2.1860744953155518, "passed": true}, "19": {"execution_time": 10.040453910827637, "passed": false}, "20": {"execution_time": 10.036414623260498, "passed": false}, "21": {"execution_time": 0.4409937858581543, "passed": true}, "22": {"execution_time": 0.4187138080596924, "passed": true}, "23": {"execution_time": 10.036863327026367, "passed": false}, "24": {"execution_time": 1.8508186340332031, "passed": true}, "25": {"execution_time": 10.056572675704956, "passed": false}, "26": {"execution_time": 10.04822564125061, "passed": false}, "27": {"execution_time": 10.065578937530518, "passed": false}, "28": {"execution_time": 10.123321533203125, "passed": false}, "29": {"execution_time": 0.26123809814453125, "passed": true}}}, "check_style_score": "0/1"}