{"version": "1", "message": "ERROR: Hidden Testcases server unreachable.", "problem_id": "ads2_m16_a1_1", "user_id": "madhavimvh", "score": {"sample": {"0": {"execution_time": 0.35704588890075684, "passed": false}, "1": {"execution_time": 0.3123183250427246, "passed": false}, "2": {"execution_time": 1.334369421005249, "passed": false}, "3": {"execution_time": 1.3088009357452393, "passed": false}, "4": {"execution_time": 1.3144855499267578, "passed": false}, "5": {"execution_time": 1.3304407596588135, "passed": false}, "6": {"execution_time": 1.4264764785766602, "passed": false}, "7": {"execution_time": 1.3708586692810059, "passed": false}, "8": {"execution_time": 0.42995572090148926, "passed": false}, "9": {"execution_time": 1.352902889251709, "passed": false}, "10": {"execution_time": 1.3661370277404785, "passed": false}, "11": {"execution_time": 0.2514355182647705, "passed": false}, "12": {"execution_time": 1.3554837703704834, "passed": false}, "13": {"execution_time": 0.26851940155029297, "passed": false}, "14": {"execution_time": 1.400655746459961, "passed": false}, "15": {"execution_time": 1.3524274826049805, "passed": false}, "16": {"execution_time": 0.40001416206359863, "passed": false}, "17": {"execution_time": 0.395693302154541, "passed": false}, "18": {"execution_time": 0.40103745460510254, "passed": false}, "19": {"execution_time": 0.40819215774536133, "passed": false}, "20": {"execution_time": 0.40195393562316895, "passed": false}, "21": {"execution_time": 0.40073275566101074, "passed": false}, "22": {"execution_time": 0.38860082626342773, "passed": false}, "23": {"execution_time": 0.39280033111572266, "passed": false}, "24": {"execution_time": 0.33901357650756836, "passed": false}, "25": {"execution_time": 1.321150779724121, "passed": false}, "26": {"execution_time": 1.07315993309021, "passed": false}, "27": {"execution_time": 1.3407769203186035, "passed": false}, "28": {"execution_time": 2.924906015396118, "passed": false}, "29": {"execution_time": 0.25924086570739746, "passed": false}}}, "check_style_score": "0/1"}