{"version": "1", "message": "ERROR: Hidden Testcases server unreachable.", "problem_id": "ads2_m16_a1_1", "user_id": "madhavimvh", "score": {"sample": {"0": {"execution_time": 0.34108924865722656, "passed": true}, "1": {"execution_time": 0.30396580696105957, "passed": true}, "2": {"execution_time": 0.6674854755401611, "passed": true}, "3": {"execution_time": 0.6454050540924072, "passed": true}, "4": {"execution_time": 0.6476414203643799, "passed": true}, "5": {"execution_time": 0.6806161403656006, "passed": true}, "6": {"execution_time": 0.6852543354034424, "passed": true}, "7": {"execution_time": 0.6643073558807373, "passed": true}, "8": {"execution_time": 0.4244234561920166, "passed": true}, "9": {"execution_time": 0.6398327350616455, "passed": true}, "10": {"execution_time": 0.6556954383850098, "passed": true}, "11": {"execution_time": 4.4738264083862305, "passed": true}, "12": {"execution_time": 0.6912384033203125, "passed": true}, "13": {"execution_time": 0.27643704414367676, "passed": true}, "14": {"execution_time": 0.7101554870605469, "passed": true}, "15": {"execution_time": 0.7529857158660889, "passed": true}, "16": {"execution_time": 0.35491418838500977, "passed": true}, "17": {"execution_time": 0.463759183883667, "passed": true}, "18": {"execution_time": 0.3638956546783447, "passed": true}, "19": {"execution_time": 0.38750267028808594, "passed": true}, "20": {"execution_time": 0.3870525360107422, "passed": true}, "21": {"execution_time": 0.400360107421875, "passed": true}, "22": {"execution_time": 0.36014771461486816, "passed": true}, "23": {"execution_time": 0.43886566162109375, "passed": true}, "24": {"execution_time": 0.26390624046325684, "passed": true}, "25": {"execution_time": 0.7620229721069336, "passed": true}, "26": {"execution_time": 0.5876100063323975, "passed": true}, "27": {"execution_time": 0.7555587291717529, "passed": true}, "28": {"execution_time": 1.0477499961853027, "passed": true}, "29": {"execution_time": 0.264420747756958, "passed": true}}}, "check_style_score": "0/1"}