{"version": "1", "message": "ERROR: Hidden Testcases server unreachable.", "problem_id": "ads2_m16_a1_1", "user_id": "madhavimvh", "score": {"sample": {"0": {"execution_time": 0.33510279655456543, "passed": true}, "1": {"execution_time": 0.29547739028930664, "passed": true}, "2": {"execution_time": 0.6646907329559326, "passed": true}, "3": {"execution_time": 0.6564645767211914, "passed": true}, "4": {"execution_time": 0.6494030952453613, "passed": true}, "5": {"execution_time": 0.6587755680084229, "passed": true}, "6": {"execution_time": 0.677016019821167, "passed": true}, "7": {"execution_time": 0.6433241367340088, "passed": true}, "8": {"execution_time": 0.3670923709869385, "passed": true}, "9": {"execution_time": 0.6877598762512207, "passed": true}, "10": {"execution_time": 0.6573643684387207, "passed": true}, "11": {"execution_time": 4.2939417362213135, "passed": true}, "12": {"execution_time": 0.6872131824493408, "passed": true}, "13": {"execution_time": 0.2998034954071045, "passed": true}, "14": {"execution_time": 0.6503400802612305, "passed": true}, "15": {"execution_time": 0.6625397205352783, "passed": true}, "16": {"execution_time": 0.3548712730407715, "passed": true}, "17": {"execution_time": 0.35936975479125977, "passed": true}, "18": {"execution_time": 0.3567681312561035, "passed": true}, "19": {"execution_time": 0.368851900100708, "passed": true}, "20": {"execution_time": 0.38805270195007324, "passed": true}, "21": {"execution_time": 0.35766053199768066, "passed": true}, "22": {"execution_time": 0.3495330810546875, "passed": true}, "23": {"execution_time": 0.3601090908050537, "passed": true}, "24": {"execution_time": 0.2591719627380371, "passed": true}, "25": {"execution_time": 0.7660009860992432, "passed": true}, "26": {"execution_time": 0.5858678817749023, "passed": true}, "27": {"execution_time": 0.7653806209564209, "passed": true}, "28": {"execution_time": 1.291377305984497, "passed": true}, "29": {"execution_time": 0.2560734748840332, "passed": true}}}, "check_style_score": "1/1"}