{"version": "1", "message": "ERROR: Hidden Testcases server unreachable.", "problem_id": "ads2_m16_a1_1", "user_id": "madhavimvh", "score": {"sample": {"0": {"execution_time": 0.37200498580932617, "passed": false}, "1": {"execution_time": 0.3011898994445801, "passed": true}, "2": {"execution_time": 0.6611700057983398, "passed": true}, "3": {"execution_time": 0.6676011085510254, "passed": true}, "4": {"execution_time": 0.7154793739318848, "passed": true}, "5": {"execution_time": 0.6667683124542236, "passed": false}, "6": {"execution_time": 0.6976752281188965, "passed": false}, "7": {"execution_time": 0.6842494010925293, "passed": false}, "8": {"execution_time": 0.37637782096862793, "passed": false}, "9": {"execution_time": 0.6610920429229736, "passed": true}, "10": {"execution_time": 0.6574134826660156, "passed": false}, "11": {"execution_time": 4.372474193572998, "passed": false}, "12": {"execution_time": 0.6756162643432617, "passed": false}, "13": {"execution_time": 0.29541802406311035, "passed": true}, "14": {"execution_time": 0.6822259426116943, "passed": true}, "15": {"execution_time": 0.7929437160491943, "passed": false}, "16": {"execution_time": 0.3451569080352783, "passed": true}, "17": {"execution_time": 0.3671548366546631, "passed": true}, "18": {"execution_time": 0.37212514877319336, "passed": true}, "19": {"execution_time": 0.4012289047241211, "passed": false}, "20": {"execution_time": 0.4168851375579834, "passed": true}, "21": {"execution_time": 0.3915276527404785, "passed": true}, "22": {"execution_time": 0.43588924407958984, "passed": false}, "23": {"execution_time": 0.38509082794189453, "passed": false}, "24": {"execution_time": 0.26194047927856445, "passed": true}, "25": {"execution_time": 0.7825253009796143, "passed": false}, "26": {"execution_time": 0.6114509105682373, "passed": false}, "27": {"execution_time": 0.7640073299407959, "passed": false}, "28": {"execution_time": 1.4042422771453857, "passed": false}, "29": {"execution_time": 0.26087450981140137, "passed": true}}}, "check_style_score": "1/1"}