{"version": "1", "message": "ERROR: Hidden Testcases server unreachable.", "problem_id": "ads2_m4_a1_1", "user_id": "madhavimvh", "score": {"sample": {"0": {"execution_time": 0.41588878631591797, "passed": true}, "1": {"execution_time": 0.35205864906311035, "passed": true}, "2": {"execution_time": 0.3670189380645752, "passed": true}, "3": {"execution_time": 0.3889601230621338, "passed": true}, "4": {"execution_time": 0.29122185707092285, "passed": true}, "5": {"execution_time": 0.29620957374572754, "passed": true}, "6": {"execution_time": 0.28324246406555176, "passed": true}, "7": {"execution_time": 0.2782559394836426, "passed": true}, "8": {"execution_time": 0.29620909690856934, "passed": true}, "9": {"execution_time": 0.22142457962036133, "passed": true}, "10": {"execution_time": 0.2293868064880371, "passed": true}, "11": {"execution_time": 0.21941900253295898, "passed": true}, "12": {"execution_time": 0.22240757942199707, "passed": true}, "13": {"execution_time": 1.3133220672607422, "passed": true}, "14": {"execution_time": 0.26980018615722656, "passed": true}}}, "check_style_score": "0/1"}