{"version": "1", "message": "ERROR: Hidden Testcases server unreachable.", "problem_id": "ads2_m4_a1_1", "user_id": "madhavimvh", "score": {"sample": {"0": {"execution_time": 0.2713279724121094, "passed": true}, "1": {"execution_time": 0.19253182411193848, "passed": false}, "2": {"execution_time": 0.18755316734313965, "passed": false}, "3": {"execution_time": 0.19148683547973633, "passed": false}, "4": {"execution_time": 0.19083166122436523, "passed": false}, "5": {"execution_time": 0.19148755073547363, "passed": false}, "6": {"execution_time": 0.18646979331970215, "passed": false}, "7": {"execution_time": 0.19230914115905762, "passed": false}, "8": {"execution_time": 0.25337767601013184, "passed": true}, "9": {"execution_time": 0.26037025451660156, "passed": false}, "10": {"execution_time": 0.3721120357513428, "passed": false}, "11": {"execution_time": 0.2044520378112793, "passed": false}, "12": {"execution_time": 0.2154252529144287, "passed": false}, "13": {"execution_time": 0.20544958114624023, "passed": false}, "14": {"execution_time": 0.25336694717407227, "passed": false}}}, "check_style_score": "0/1"}