{"version": "1", "message": "ERROR: Hidden Testcases server unreachable.", "problem_id": "ads2_m4_a1_1", "user_id": "madhavimvh", "score": {"sample": {"0": {"execution_time": 0.28728628158569336, "passed": true}, "1": {"execution_time": 0.18478608131408691, "passed": false}, "2": {"execution_time": 0.19348406791687012, "passed": false}, "3": {"execution_time": 0.1934826374053955, "passed": false}, "4": {"execution_time": 0.19248652458190918, "passed": false}, "5": {"execution_time": 0.21779227256774902, "passed": false}, "6": {"execution_time": 0.18746495246887207, "passed": false}, "7": {"execution_time": 0.18953251838684082, "passed": false}, "8": {"execution_time": 0.2642362117767334, "passed": true}, "9": {"execution_time": 0.21506977081298828, "passed": true}, "10": {"execution_time": 0.2343463897705078, "passed": true}, "11": {"execution_time": 0.23836159706115723, "passed": true}, "12": {"execution_time": 0.19151830673217773, "passed": true}, "13": {"execution_time": 0.19078540802001953, "passed": false}, "14": {"execution_time": 0.2145543098449707, "passed": true}}}, "check_style_score": "0/1"}