{"version": "1", "message": "ERROR: Hidden Testcases server unreachable.", "problem_id": "ads2_m4_a1_1", "user_id": "madhavimvh", "score": {"sample": {"0": {"execution_time": 0.2803459167480469, "passed": true}, "1": {"execution_time": 0.1884911060333252, "passed": false}, "2": {"execution_time": 0.18903374671936035, "passed": false}, "3": {"execution_time": 0.1867368221282959, "passed": false}, "4": {"execution_time": 0.19049072265625, "passed": false}, "5": {"execution_time": 0.18653512001037598, "passed": false}, "6": {"execution_time": 0.1904900074005127, "passed": false}, "7": {"execution_time": 0.19152116775512695, "passed": false}, "8": {"execution_time": 0.25748562812805176, "passed": true}, "9": {"execution_time": 0.21030116081237793, "passed": true}, "10": {"execution_time": 0.2084972858428955, "passed": true}, "11": {"execution_time": 0.24480938911437988, "passed": false}, "12": {"execution_time": 0.18450593948364258, "passed": false}, "13": {"execution_time": 0.18550372123718262, "passed": false}, "14": {"execution_time": 0.207444429397583, "passed": true}}}, "check_style_score": "0/1"}