{"version": "1", "message": "ERROR: Hidden Testcases server unreachable.", "problem_id": "ads2_m4_a1_1", "user_id": "madhavimvh", "score": {"sample": {"0": {"execution_time": 0.28523826599121094, "passed": true}, "1": {"execution_time": 0.26931214332580566, "passed": true}, "2": {"execution_time": 0.3043704032897949, "passed": true}, "3": {"execution_time": 0.3121654987335205, "passed": true}, "4": {"execution_time": 0.25052833557128906, "passed": true}, "5": {"execution_time": 0.23935937881469727, "passed": true}, "6": {"execution_time": 0.24434685707092285, "passed": true}, "7": {"execution_time": 0.24235248565673828, "passed": true}, "8": {"execution_time": 0.2644076347351074, "passed": true}, "9": {"execution_time": 0.30918431282043457, "passed": true}, "10": {"execution_time": 0.2174208164215088, "passed": true}, "11": {"execution_time": 0.22739243507385254, "passed": true}, "12": {"execution_time": 0.22539663314819336, "passed": true}, "13": {"execution_time": 1.2706024646759033, "passed": true}, "14": {"execution_time": 0.23038315773010254, "passed": true}}}, "check_style_score": "1/1"}