{"version": "1", "message": "ERROR: Hidden Testcases server unreachable.", "problem_id": "ads2_m4_a1_1", "user_id": "madhavimvh", "score": {"sample": {"0": {"execution_time": 0.23836231231689453, "passed": false}, "1": {"execution_time": 0.2343733310699463, "passed": false}, "2": {"execution_time": 0.280306339263916, "passed": false}, "3": {"execution_time": 0.34308338165283203, "passed": false}, "4": {"execution_time": 0.23636722564697266, "passed": false}, "5": {"execution_time": 0.22340178489685059, "passed": false}, "6": {"execution_time": 0.2293872833251953, "passed": false}, "7": {"execution_time": 0.2313828468322754, "passed": false}, "8": {"execution_time": 0.4607698917388916, "passed": false}, "9": {"execution_time": 0.2313835620880127, "passed": false}, "10": {"execution_time": 0.2194678783416748, "passed": false}, "11": {"execution_time": 0.21941232681274414, "passed": false}, "12": {"execution_time": 0.22146201133728027, "passed": false}, "13": {"execution_time": 1.449173927307129, "passed": false}, "14": {"execution_time": 0.22440242767333984, "passed": false}}}, "check_style_score": "1/1"}