{"version": "1", "message": "ERROR: Hidden Testcases server unreachable.", "problem_id": "ads2_m4_a1_1", "user_id": "madhavimvh", "score": {"sample": {"0": {"execution_time": 0.33048415184020996, "passed": true}, "1": {"execution_time": 0.33311033248901367, "passed": false}, "2": {"execution_time": 0.27657008171081543, "passed": false}, "3": {"execution_time": 0.3057231903076172, "passed": false}, "4": {"execution_time": 0.24447107315063477, "passed": false}, "5": {"execution_time": 0.24235320091247559, "passed": false}, "6": {"execution_time": 0.24280095100402832, "passed": false}, "7": {"execution_time": 0.25057029724121094, "passed": false}, "8": {"execution_time": 0.24872922897338867, "passed": true}, "9": {"execution_time": 0.20920276641845703, "passed": true}, "10": {"execution_time": 0.21407389640808105, "passed": true}, "11": {"execution_time": 0.21442627906799316, "passed": true}, "12": {"execution_time": 0.22176265716552734, "passed": true}, "13": {"execution_time": 1.2720088958740234, "passed": false}, "14": {"execution_time": 0.2124319076538086, "passed": true}}}, "check_style_score": "0/1"}