{"version": "1", "message": "ERROR: Hidden Testcases server unreachable.", "problem_id": "ads2_m4_a1_1", "user_id": "madhavimvh", "score": {"sample": {"0": {"execution_time": 0.25955867767333984, "passed": true}, "1": {"execution_time": 0.20570135116577148, "passed": false}, "2": {"execution_time": 0.2710151672363281, "passed": false}, "3": {"execution_time": 0.2067403793334961, "passed": false}, "4": {"execution_time": 0.26396703720092773, "passed": false}, "5": {"execution_time": 0.23606586456298828, "passed": false}, "6": {"execution_time": 0.23534131050109863, "passed": false}, "7": {"execution_time": 0.2362217903137207, "passed": false}, "8": {"execution_time": 0.2522621154785156, "passed": true}, "9": {"execution_time": 0.2131047248840332, "passed": true}, "10": {"execution_time": 0.2149965763092041, "passed": true}, "11": {"execution_time": 0.2094593048095703, "passed": true}, "12": {"execution_time": 0.21248722076416016, "passed": true}, "13": {"execution_time": 0.2402350902557373, "passed": false}, "14": {"execution_time": 0.21494460105895996, "passed": true}}}, "check_style_score": "0/1"}