{"version": "1", "message": "ERROR: Hidden Testcases server unreachable.", "problem_id": "ads2_m4_a1_1", "user_id": "madhavimvh", "score": {"sample": {"0": {"execution_time": 0.37100839614868164, "passed": true}, "1": {"execution_time": 0.20949792861938477, "passed": false}, "2": {"execution_time": 0.20345497131347656, "passed": false}, "3": {"execution_time": 0.20689129829406738, "passed": false}, "4": {"execution_time": 0.19972681999206543, "passed": false}, "5": {"execution_time": 0.19946646690368652, "passed": false}, "6": {"execution_time": 0.20345544815063477, "passed": false}, "7": {"execution_time": 0.20644187927246094, "passed": false}, "8": {"execution_time": 0.2992696762084961, "passed": true}, "9": {"execution_time": 0.24634146690368652, "passed": true}, "10": {"execution_time": 0.23638010025024414, "passed": true}, "11": {"execution_time": 0.1874988079071045, "passed": true}, "12": {"execution_time": 0.23237872123718262, "passed": true}, "13": {"execution_time": 0.4039187431335449, "passed": false}, "14": {"execution_time": 0.21348094940185547, "passed": true}}}, "check_style_score": "0/1"}