{"version": "1", "message": "ERROR: Hidden Testcases server unreachable.", "problem_id": "ads2_m4_a1_1", "user_id": "madhavimvh", "score": {"sample": {"0": {"execution_time": 0.2743217945098877, "passed": true}, "1": {"execution_time": 0.26142239570617676, "passed": true}, "2": {"execution_time": 0.2973182201385498, "passed": true}, "3": {"execution_time": 0.3915708065032959, "passed": true}, "4": {"execution_time": 0.2483813762664795, "passed": true}, "5": {"execution_time": 0.2453455924987793, "passed": true}, "6": {"execution_time": 0.25356435775756836, "passed": true}, "7": {"execution_time": 0.24243378639221191, "passed": true}, "8": {"execution_time": 0.26545119285583496, "passed": true}, "9": {"execution_time": 0.22539615631103516, "passed": true}, "10": {"execution_time": 0.2214069366455078, "passed": true}, "11": {"execution_time": 0.2174534797668457, "passed": true}, "12": {"execution_time": 0.21741914749145508, "passed": true}, "13": {"execution_time": 1.2676525115966797, "passed": true}, "14": {"execution_time": 0.23038434982299805, "passed": true}}}, "check_style_score": "1/1"}