{"version": "1", "message": "ERROR: Hidden Testcases server unreachable.", "problem_id": "ads2_m4_a1_1", "user_id": "madhavimvh", "score": {"sample": {"0": {"execution_time": 0.36901330947875977, "passed": true}, "1": {"execution_time": 0.30019664764404297, "passed": true}, "2": {"execution_time": 0.30219316482543945, "passed": true}, "3": {"execution_time": 0.3151578903198242, "passed": true}, "4": {"execution_time": 0.33011746406555176, "passed": true}, "5": {"execution_time": 0.2543191909790039, "passed": true}, "6": {"execution_time": 0.2433490753173828, "passed": true}, "7": {"execution_time": 0.24235177040100098, "passed": true}, "8": {"execution_time": 0.26050567626953125, "passed": true}, "9": {"execution_time": 0.2234022617340088, "passed": true}, "10": {"execution_time": 0.22440052032470703, "passed": true}, "11": {"execution_time": 0.22240543365478516, "passed": true}, "12": {"execution_time": 0.22041082382202148, "passed": true}, "13": {"execution_time": 1.2616264820098877, "passed": true}, "14": {"execution_time": 0.21941351890563965, "passed": true}}}, "check_style_score": "1/1"}