{"version": "1", "message": "ERROR: Hidden Testcases server unreachable.", "problem_id": "ads2_m4_a1_1", "user_id": "madhavimvh", "score": {"sample": {"0": {"execution_time": 0.30717921257019043, "passed": true}, "1": {"execution_time": 0.2603034973144531, "passed": true}, "2": {"execution_time": 0.28823089599609375, "passed": true}, "3": {"execution_time": 0.3093721866607666, "passed": true}, "4": {"execution_time": 0.24335074424743652, "passed": true}, "5": {"execution_time": 0.24734091758728027, "passed": true}, "6": {"execution_time": 0.24933671951293945, "passed": true}, "7": {"execution_time": 0.25749945640563965, "passed": true}, "8": {"execution_time": 0.26138854026794434, "passed": true}, "9": {"execution_time": 0.2184159755706787, "passed": true}, "10": {"execution_time": 0.2184159755706787, "passed": true}, "11": {"execution_time": 0.2364208698272705, "passed": true}, "12": {"execution_time": 0.23936152458190918, "passed": true}, "13": {"execution_time": 1.3065426349639893, "passed": true}, "14": {"execution_time": 0.23537135124206543, "passed": true}}}, "check_style_score": "1/1"}