{"version": "1", "message": "ERROR: Hidden Testcases server unreachable.", "problem_id": "ads2_m4_a1_1", "user_id": "madhavimvh", "score": {"sample": {"0": {"execution_time": 0.3271353244781494, "passed": true}, "1": {"execution_time": 0.2892277240753174, "passed": true}, "2": {"execution_time": 0.3370990753173828, "passed": true}, "3": {"execution_time": 0.33510565757751465, "passed": true}, "4": {"execution_time": 0.27426719665527344, "passed": true}, "5": {"execution_time": 0.28623390197753906, "passed": true}, "6": {"execution_time": 0.2812483310699463, "passed": true}, "7": {"execution_time": 0.27127528190612793, "passed": true}, "8": {"execution_time": 0.2952108383178711, "passed": true}, "9": {"execution_time": 0.22141027450561523, "passed": true}, "10": {"execution_time": 0.21442770957946777, "passed": true}, "11": {"execution_time": 0.21941494941711426, "passed": true}, "12": {"execution_time": 0.22140717506408691, "passed": true}, "13": {"execution_time": 1.2297172546386719, "passed": true}, "14": {"execution_time": 0.2263953685760498, "passed": true}}}, "check_style_score": "1/1"}