{"version": "1", "message": "ERROR: Hidden Testcases server unreachable.", "problem_id": "ads2_m4_a1_1", "user_id": "madhavimvh", "score": {"sample": {"0": {"execution_time": 0.29820823669433594, "passed": true}, "1": {"execution_time": 0.19292879104614258, "passed": false}, "2": {"execution_time": 0.19451189041137695, "passed": false}, "3": {"execution_time": 0.21446704864501953, "passed": false}, "4": {"execution_time": 0.18855643272399902, "passed": false}, "5": {"execution_time": 0.20644760131835938, "passed": false}, "6": {"execution_time": 0.18905305862426758, "passed": false}, "7": {"execution_time": 0.19229674339294434, "passed": false}, "8": {"execution_time": 0.2572746276855469, "passed": true}, "9": {"execution_time": 0.2483370304107666, "passed": true}, "10": {"execution_time": 0.2272031307220459, "passed": true}, "11": {"execution_time": 0.19713735580444336, "passed": true}, "12": {"execution_time": 0.1895449161529541, "passed": true}, "13": {"execution_time": 0.18849492073059082, "passed": false}, "14": {"execution_time": 0.20943808555603027, "passed": true}}}, "check_style_score": "0/1"}