{"version": "1", "message": "ERROR: Hidden Testcases server unreachable.", "problem_id": "ads2_m4_a1_1", "user_id": "madhavimvh", "score": {"sample": {"0": {"execution_time": 0.33011722564697266, "passed": true}, "1": {"execution_time": 0.22041106224060059, "passed": false}, "2": {"execution_time": 0.19430041313171387, "passed": false}, "3": {"execution_time": 0.1904902458190918, "passed": false}, "4": {"execution_time": 0.18936395645141602, "passed": false}, "5": {"execution_time": 0.19852972030639648, "passed": false}, "6": {"execution_time": 0.27718544006347656, "passed": false}, "7": {"execution_time": 0.1868896484375, "passed": false}, "8": {"execution_time": 0.2673954963684082, "passed": true}, "9": {"execution_time": 0.23639512062072754, "passed": true}, "10": {"execution_time": 0.22035908699035645, "passed": true}, "11": {"execution_time": 0.19069314002990723, "passed": true}, "12": {"execution_time": 0.18469715118408203, "passed": true}, "13": {"execution_time": 0.18900394439697266, "passed": false}, "14": {"execution_time": 0.23437190055847168, "passed": true}}}, "check_style_score": "0/1"}