{"version": "1", "message": "ERROR: Hidden Testcases server unreachable.", "problem_id": "ads2_m4_a1_1", "user_id": "madhavimvh", "score": {"sample": {"0": {"execution_time": 0.2988889217376709, "passed": true}, "1": {"execution_time": 0.2430107593536377, "passed": false}, "2": {"execution_time": 0.3253779411315918, "passed": false}, "3": {"execution_time": 0.3365156650543213, "passed": false}, "4": {"execution_time": 0.24869561195373535, "passed": false}, "5": {"execution_time": 0.24286580085754395, "passed": false}, "6": {"execution_time": 0.24749398231506348, "passed": false}, "7": {"execution_time": 0.2328658103942871, "passed": false}, "8": {"execution_time": 0.25309109687805176, "passed": true}, "9": {"execution_time": 0.21918511390686035, "passed": true}, "10": {"execution_time": 0.2183670997619629, "passed": true}, "11": {"execution_time": 0.2186121940612793, "passed": true}, "12": {"execution_time": 0.21195340156555176, "passed": true}, "13": {"execution_time": 1.3233098983764648, "passed": false}, "14": {"execution_time": 0.22026443481445312, "passed": true}}}, "check_style_score": "0/1"}