{"version": "1", "message": "ERROR: Hidden Testcases server unreachable.", "problem_id": "ads2_m4_a1_1", "user_id": "madhavimvh", "score": {"sample": {"0": {"execution_time": 0.31316137313842773, "passed": true}, "1": {"execution_time": 0.18755435943603516, "passed": false}, "2": {"execution_time": 0.19519305229187012, "passed": false}, "3": {"execution_time": 0.18656182289123535, "passed": false}, "4": {"execution_time": 0.19054412841796875, "passed": false}, "5": {"execution_time": 0.18784475326538086, "passed": false}, "6": {"execution_time": 0.19248437881469727, "passed": false}, "7": {"execution_time": 0.19248533248901367, "passed": false}, "8": {"execution_time": 0.2804408073425293, "passed": true}, "9": {"execution_time": 0.21342968940734863, "passed": true}, "10": {"execution_time": 0.21517157554626465, "passed": true}, "11": {"execution_time": 0.18753576278686523, "passed": true}, "12": {"execution_time": 0.18989324569702148, "passed": true}, "13": {"execution_time": 0.1906747817993164, "passed": false}, "14": {"execution_time": 0.2136220932006836, "passed": true}}}, "check_style_score": "0/1"}