{"version": "1", "message": "ERROR: Hidden Testcases server unreachable.", "problem_id": "ads2_m4_a1_1", "user_id": "madhavimvh", "score": {"sample": {"0": {"execution_time": 0.26332950592041016, "passed": true}, "1": {"execution_time": 0.2693946361541748, "passed": true}, "2": {"execution_time": 0.2952094078063965, "passed": true}, "3": {"execution_time": 0.3151578903198242, "passed": true}, "4": {"execution_time": 0.24642395973205566, "passed": true}, "5": {"execution_time": 0.26030421257019043, "passed": true}, "6": {"execution_time": 0.29620838165283203, "passed": true}, "7": {"execution_time": 0.24434757232666016, "passed": true}, "8": {"execution_time": 0.25831127166748047, "passed": true}, "9": {"execution_time": 0.21745061874389648, "passed": true}, "10": {"execution_time": 0.2184157371520996, "passed": true}, "11": {"execution_time": 0.21548128128051758, "passed": true}, "12": {"execution_time": 0.2154242992401123, "passed": true}, "13": {"execution_time": 1.2197396755218506, "passed": true}, "14": {"execution_time": 0.26130127906799316, "passed": true}}}, "check_style_score": "0/1"}