{"version": "1", "message": "ERROR: Hidden Testcases server unreachable.", "problem_id": "ads2_m4_a1_1", "user_id": "madhavimvh", "score": {"sample": {"0": {"execution_time": 0.33211183547973633, "passed": true}, "1": {"execution_time": 0.19713616371154785, "passed": false}, "2": {"execution_time": 0.18822455406188965, "passed": false}, "3": {"execution_time": 0.19193339347839355, "passed": false}, "4": {"execution_time": 0.19484949111938477, "passed": false}, "5": {"execution_time": 0.19946551322937012, "passed": false}, "6": {"execution_time": 0.18866944313049316, "passed": false}, "7": {"execution_time": 0.4029221534729004, "passed": false}, "8": {"execution_time": 0.329120397567749, "passed": true}, "9": {"execution_time": 0.23479676246643066, "passed": true}, "10": {"execution_time": 0.23740696907043457, "passed": true}, "11": {"execution_time": 0.2184159755706787, "passed": true}, "12": {"execution_time": 0.1994643211364746, "passed": true}, "13": {"execution_time": 0.20644736289978027, "passed": false}, "14": {"execution_time": 0.2403576374053955, "passed": true}}}, "check_style_score": "0/1"}