{"version": "1", "message": "ERROR: Hidden Testcases server unreachable.", "problem_id": "ads2_m4_a1_1", "user_id": "madhavimvh", "score": {"sample": {"0": {"execution_time": 0.2554149627685547, "passed": true}, "1": {"execution_time": 0.20450091361999512, "passed": false}, "2": {"execution_time": 0.2094402313232422, "passed": false}, "3": {"execution_time": 0.2099456787109375, "passed": false}, "4": {"execution_time": 0.2124955654144287, "passed": false}, "5": {"execution_time": 0.21599841117858887, "passed": false}, "6": {"execution_time": 0.21602153778076172, "passed": false}, "7": {"execution_time": 0.21158719062805176, "passed": false}, "8": {"execution_time": 0.2568938732147217, "passed": true}, "9": {"execution_time": 0.2106797695159912, "passed": true}, "10": {"execution_time": 0.21043801307678223, "passed": true}, "11": {"execution_time": 0.21227622032165527, "passed": false}, "12": {"execution_time": 0.21741914749145508, "passed": false}, "13": {"execution_time": 0.2104933261871338, "passed": false}, "14": {"execution_time": 0.21198534965515137, "passed": true}}}, "check_style_score": "0/1"}