{"version": "1", "message": "ERROR: Hidden Testcases server unreachable.", "problem_id": "ads2_m4_a1_1", "user_id": "madhavimvh", "score": {"sample": {"0": {"execution_time": 0.38802480697631836, "passed": true}, "1": {"execution_time": 0.2732698917388916, "passed": true}, "2": {"execution_time": 0.32213902473449707, "passed": true}, "3": {"execution_time": 0.3281223773956299, "passed": true}, "4": {"execution_time": 0.2702770233154297, "passed": true}, "5": {"execution_time": 0.35205912590026855, "passed": true}, "6": {"execution_time": 0.2574012279510498, "passed": true}, "7": {"execution_time": 0.2413628101348877, "passed": true}, "8": {"execution_time": 0.2663686275482178, "passed": true}, "9": {"execution_time": 0.22539830207824707, "passed": true}, "10": {"execution_time": 0.22343897819519043, "passed": true}, "11": {"execution_time": 0.2234041690826416, "passed": true}, "12": {"execution_time": 0.22838950157165527, "passed": true}, "13": {"execution_time": 1.2975327968597412, "passed": true}, "14": {"execution_time": 0.21642041206359863, "passed": true}}}, "check_style_score": "1/1"}