{"version": "1", "message": "ERROR: Hidden Testcases server unreachable.", "problem_id": "ads2_m4_a1_1", "user_id": "madhavimvh", "score": {"sample": {"0": {"execution_time": 0.36609911918640137, "passed": true}, "1": {"execution_time": 0.3317873477935791, "passed": false}, "2": {"execution_time": 0.3404979705810547, "passed": false}, "3": {"execution_time": 0.33783674240112305, "passed": false}, "4": {"execution_time": 0.24194812774658203, "passed": false}, "5": {"execution_time": 0.24434781074523926, "passed": false}, "6": {"execution_time": 0.26593947410583496, "passed": false}, "7": {"execution_time": 0.2503848075866699, "passed": false}, "8": {"execution_time": 0.263352632522583, "passed": true}, "9": {"execution_time": 0.23136329650878906, "passed": true}, "10": {"execution_time": 0.23442292213439941, "passed": true}, "11": {"execution_time": 0.281247615814209, "passed": true}, "12": {"execution_time": 0.2892265319824219, "passed": true}, "13": {"execution_time": 1.3042500019073486, "passed": false}, "14": {"execution_time": 0.2652921676635742, "passed": true}}}, "check_style_score": "0/1"}