{"version": "1", "message": "ERROR: Hidden Testcases server unreachable.", "problem_id": "ads2_m4_a1_1", "user_id": "madhavimvh", "score": {"sample": {"0": {"execution_time": 0.2932157516479492, "passed": true}, "1": {"execution_time": 0.28025078773498535, "passed": true}, "2": {"execution_time": 0.308178186416626, "passed": true}, "3": {"execution_time": 0.29857444763183594, "passed": true}, "4": {"execution_time": 0.23411941528320312, "passed": true}, "5": {"execution_time": 0.23330044746398926, "passed": true}, "6": {"execution_time": 0.23302578926086426, "passed": true}, "7": {"execution_time": 0.24452638626098633, "passed": true}, "8": {"execution_time": 0.2532644271850586, "passed": true}, "9": {"execution_time": 0.21046710014343262, "passed": true}, "10": {"execution_time": 0.2135319709777832, "passed": true}, "11": {"execution_time": 0.22549748420715332, "passed": true}, "12": {"execution_time": 0.21641945838928223, "passed": true}, "13": {"execution_time": 1.2427313327789307, "passed": true}, "14": {"execution_time": 0.22043943405151367, "passed": true}}}, "check_style_score": "0/1"}