{"version": "1", "message": "ERROR: Hidden Testcases server unreachable.", "problem_id": "ads2_m4_a1_1", "user_id": "madhavimvh", "score": {"sample": {"0": {"execution_time": 0.4912858009338379, "passed": true}, "1": {"execution_time": 0.21786236763000488, "passed": false}, "2": {"execution_time": 0.21851301193237305, "passed": false}, "3": {"execution_time": 0.21505999565124512, "passed": false}, "4": {"execution_time": 0.2124319076538086, "passed": false}, "5": {"execution_time": 0.24056768417358398, "passed": false}, "6": {"execution_time": 0.21392393112182617, "passed": false}, "7": {"execution_time": 0.21483922004699707, "passed": false}, "8": {"execution_time": 0.3093733787536621, "passed": true}, "9": {"execution_time": 0.2097156047821045, "passed": false}, "10": {"execution_time": 0.21642231941223145, "passed": false}, "11": {"execution_time": 0.213820219039917, "passed": false}, "12": {"execution_time": 0.2154231071472168, "passed": false}, "13": {"execution_time": 0.20972108840942383, "passed": false}, "14": {"execution_time": 0.21563315391540527, "passed": false}}}, "check_style_score": "0/1"}