{"version": "1", "message": "ERROR: Hidden Testcases server unreachable.", "problem_id": "ads2_m4_a1_1", "user_id": "madhavimvh", "score": {"sample": {"0": {"execution_time": 0.2972557544708252, "passed": true}, "1": {"execution_time": 0.1936662197113037, "passed": false}, "2": {"execution_time": 0.18825840950012207, "passed": false}, "3": {"execution_time": 0.20847392082214355, "passed": false}, "4": {"execution_time": 0.1974790096282959, "passed": false}, "5": {"execution_time": 0.19529318809509277, "passed": false}, "6": {"execution_time": 0.19448161125183105, "passed": false}, "7": {"execution_time": 0.19547653198242188, "passed": false}, "8": {"execution_time": 0.25858116149902344, "passed": true}, "9": {"execution_time": 0.2134847640991211, "passed": true}, "10": {"execution_time": 0.213531494140625, "passed": true}, "11": {"execution_time": 0.1905519962310791, "passed": true}, "12": {"execution_time": 0.18654847145080566, "passed": true}, "13": {"execution_time": 0.1986093521118164, "passed": false}, "14": {"execution_time": 0.264293909072876, "passed": true}}}, "check_style_score": "0/1"}