{"version": "1", "message": "ERROR: Hidden Testcases server unreachable.", "problem_id": "ads2_m4_a1_1", "user_id": "madhavimvh", "score": {"sample": {"0": {"execution_time": 0.2892775535583496, "passed": true}, "1": {"execution_time": 0.20046424865722656, "passed": false}, "2": {"execution_time": 0.19829797744750977, "passed": false}, "3": {"execution_time": 0.1969466209411621, "passed": false}, "4": {"execution_time": 0.18917131423950195, "passed": false}, "5": {"execution_time": 0.19985365867614746, "passed": false}, "6": {"execution_time": 0.19249415397644043, "passed": false}, "7": {"execution_time": 0.19293975830078125, "passed": false}, "8": {"execution_time": 0.2594292163848877, "passed": true}, "9": {"execution_time": 0.21546149253845215, "passed": true}, "10": {"execution_time": 0.21786141395568848, "passed": true}, "11": {"execution_time": 0.2543191909790039, "passed": true}, "12": {"execution_time": 0.18999075889587402, "passed": true}, "13": {"execution_time": 0.24834108352661133, "passed": false}, "14": {"execution_time": 0.24733853340148926, "passed": true}}}, "check_style_score": "0/1"}