{"version": "1", "message": "ERROR: Hidden Testcases server unreachable.", "problem_id": "ads2_m4_a1_1", "user_id": "madhavimvh", "score": {"sample": {"0": {"execution_time": 0.2882578372955322, "passed": true}, "1": {"execution_time": 0.25531673431396484, "passed": true}, "2": {"execution_time": 0.28224682807922363, "passed": true}, "3": {"execution_time": 0.3041872978210449, "passed": true}, "4": {"execution_time": 0.23936009407043457, "passed": true}, "5": {"execution_time": 0.23537182807922363, "passed": true}, "6": {"execution_time": 0.24135470390319824, "passed": true}, "7": {"execution_time": 0.24135684967041016, "passed": true}, "8": {"execution_time": 0.255584716796875, "passed": true}, "9": {"execution_time": 0.21442580223083496, "passed": true}, "10": {"execution_time": 0.2642941474914551, "passed": true}, "11": {"execution_time": 0.27426695823669434, "passed": true}, "12": {"execution_time": 0.2642951011657715, "passed": true}, "13": {"execution_time": 1.4730618000030518, "passed": true}, "14": {"execution_time": 0.2263944149017334, "passed": true}}}, "check_style_score": "1/1"}