{"version": "1", "message": "ERROR: Hidden Testcases server unreachable.", "problem_id": "ads2_m4_a1_1", "user_id": "madhavimvh", "score": {"sample": {"0": {"execution_time": 0.3031895160675049, "passed": true}, "1": {"execution_time": 0.1965174674987793, "passed": false}, "2": {"execution_time": 0.19190382957458496, "passed": false}, "3": {"execution_time": 0.1920006275177002, "passed": false}, "4": {"execution_time": 0.21684026718139648, "passed": false}, "5": {"execution_time": 0.1875307559967041, "passed": false}, "6": {"execution_time": 0.18750333786010742, "passed": false}, "7": {"execution_time": 0.19154024124145508, "passed": false}, "8": {"execution_time": 0.25405454635620117, "passed": true}, "9": {"execution_time": 0.2125685214996338, "passed": true}, "10": {"execution_time": 0.21143388748168945, "passed": true}, "11": {"execution_time": 0.19019579887390137, "passed": false}, "12": {"execution_time": 0.18953990936279297, "passed": false}, "13": {"execution_time": 0.18770146369934082, "passed": false}, "14": {"execution_time": 0.21291303634643555, "passed": true}}}, "check_style_score": "0/1"}