{"version": "1", "message": "ERROR: Hidden Testcases server unreachable.", "problem_id": "ads2_m4_a1_1", "user_id": "madhavimvh", "score": {"sample": {"0": {"execution_time": 0.2922191619873047, "passed": true}, "1": {"execution_time": 0.25919342041015625, "passed": false}, "2": {"execution_time": 0.23564696311950684, "passed": false}, "3": {"execution_time": 0.2199845314025879, "passed": false}, "4": {"execution_time": 0.21841692924499512, "passed": false}, "5": {"execution_time": 0.22345900535583496, "passed": false}, "6": {"execution_time": 0.2157878875732422, "passed": false}, "7": {"execution_time": 0.21747374534606934, "passed": false}, "8": {"execution_time": 0.2538766860961914, "passed": true}, "9": {"execution_time": 0.21256136894226074, "passed": true}, "10": {"execution_time": 0.21377182006835938, "passed": true}, "11": {"execution_time": 0.21417236328125, "passed": true}, "12": {"execution_time": 0.20604252815246582, "passed": true}, "13": {"execution_time": 0.2114884853363037, "passed": false}, "14": {"execution_time": 0.21143531799316406, "passed": true}}}, "check_style_score": "0/1"}