{"version": "1", "message": "ERROR: Hidden Testcases server unreachable.", "problem_id": "ads2_m4_a1_1", "user_id": "madhavimvh", "score": {"sample": {"0": {"execution_time": 0.2593050003051758, "passed": false}, "1": {"execution_time": 0.23038363456726074, "passed": false}, "2": {"execution_time": 0.20046281814575195, "passed": false}, "3": {"execution_time": 0.19652724266052246, "passed": false}, "4": {"execution_time": 0.23636627197265625, "passed": false}, "5": {"execution_time": 0.17456674575805664, "passed": false}, "6": {"execution_time": 0.1655566692352295, "passed": false}, "7": {"execution_time": 0.1735377311706543, "passed": false}, "8": {"execution_time": 0.16221356391906738, "passed": false}, "9": {"execution_time": 0.16475296020507812, "passed": false}, "10": {"execution_time": 0.16371703147888184, "passed": false}, "11": {"execution_time": 0.1679997444152832, "passed": false}, "12": {"execution_time": 0.16623520851135254, "passed": false}, "13": {"execution_time": 0.16356229782104492, "passed": false}, "14": {"execution_time": 0.16954755783081055, "passed": false}}}, "check_style_score": "0/1"}