{"version": "1", "message": "ERROR: Hidden Testcases server unreachable.", "problem_id": "ads2_m4_a1_1", "user_id": "madhavimvh", "score": {"sample": {"0": {"execution_time": 0.28641414642333984, "passed": true}, "1": {"execution_time": 0.25033116340637207, "passed": true}, "2": {"execution_time": 0.3031909465789795, "passed": true}, "3": {"execution_time": 0.3121662139892578, "passed": true}, "4": {"execution_time": 0.24135589599609375, "passed": true}, "5": {"execution_time": 0.2496042251586914, "passed": true}, "6": {"execution_time": 0.2373661994934082, "passed": true}, "7": {"execution_time": 0.24634265899658203, "passed": true}, "8": {"execution_time": 0.25351834297180176, "passed": true}, "9": {"execution_time": 0.2154245376586914, "passed": true}, "10": {"execution_time": 0.22240614891052246, "passed": true}, "11": {"execution_time": 0.2254505157470703, "passed": true}, "12": {"execution_time": 0.22041058540344238, "passed": true}, "13": {"execution_time": 1.3204708099365234, "passed": true}, "14": {"execution_time": 0.22539854049682617, "passed": true}}}, "check_style_score": "1/1"}