{"version": "1", "message": "ERROR: Hidden Testcases server unreachable.", "problem_id": "ads2_m4_a1_1", "user_id": "madhavimvh", "score": {"sample": {"0": {"execution_time": 0.2652904987335205, "passed": true}, "1": {"execution_time": 0.26252102851867676, "passed": true}, "2": {"execution_time": 0.3143317699432373, "passed": true}, "3": {"execution_time": 0.2982027530670166, "passed": true}, "4": {"execution_time": 0.23836183547973633, "passed": true}, "5": {"execution_time": 0.23739886283874512, "passed": true}, "6": {"execution_time": 0.2373669147491455, "passed": true}, "7": {"execution_time": 0.24733996391296387, "passed": true}, "8": {"execution_time": 0.258347749710083, "passed": true}, "9": {"execution_time": 0.21342968940734863, "passed": true}, "10": {"execution_time": 0.23038291931152344, "passed": true}, "11": {"execution_time": 0.2264409065246582, "passed": true}, "12": {"execution_time": 0.2263941764831543, "passed": true}, "13": {"execution_time": 1.2825727462768555, "passed": true}, "14": {"execution_time": 0.22140741348266602, "passed": true}}}, "check_style_score": "1/1"}