{"version": "1", "message": "ERROR: Hidden Testcases server unreachable.", "problem_id": "ads2_m4_a1_1", "user_id": "madhavimvh", "score": {"sample": {"0": {"execution_time": 0.3095829486846924, "passed": true}, "1": {"execution_time": 0.244765043258667, "passed": true}, "2": {"execution_time": 0.28249120712280273, "passed": true}, "3": {"execution_time": 0.30124688148498535, "passed": true}, "4": {"execution_time": 0.23540401458740234, "passed": true}, "5": {"execution_time": 0.24449658393859863, "passed": true}, "6": {"execution_time": 0.23138165473937988, "passed": true}, "7": {"execution_time": 0.23817992210388184, "passed": true}, "8": {"execution_time": 0.24932551383972168, "passed": true}, "9": {"execution_time": 0.21143507957458496, "passed": true}, "10": {"execution_time": 0.2081007957458496, "passed": true}, "11": {"execution_time": 0.21046710014343262, "passed": true}, "12": {"execution_time": 0.21520519256591797, "passed": true}, "13": {"execution_time": 1.2039167881011963, "passed": true}, "14": {"execution_time": 0.20854663848876953, "passed": true}}}, "check_style_score": "0/1"}