{"version": "1", "message": "ERROR: Hidden Testcases server unreachable.", "problem_id": "ads2_m4_a1_1", "user_id": "madhavimvh", "score": {"sample": {"0": {"execution_time": 0.2247300148010254, "passed": false}, "1": {"execution_time": 0.21676278114318848, "passed": false}, "2": {"execution_time": 0.2490396499633789, "passed": false}, "3": {"execution_time": 0.25872182846069336, "passed": false}, "4": {"execution_time": 0.2184004783630371, "passed": false}, "5": {"execution_time": 0.24918150901794434, "passed": false}, "6": {"execution_time": 0.21049976348876953, "passed": false}, "7": {"execution_time": 0.2185814380645752, "passed": false}, "8": {"execution_time": 0.2050933837890625, "passed": false}, "9": {"execution_time": 0.22013044357299805, "passed": false}, "10": {"execution_time": 0.2080078125, "passed": false}, "11": {"execution_time": 0.2152724266052246, "passed": false}, "12": {"execution_time": 0.2522144317626953, "passed": false}, "13": {"execution_time": 0.2536909580230713, "passed": false}, "14": {"execution_time": 0.21248722076416016, "passed": false}}}, "check_style_score": "0/1"}