{"version": "1", "message": "ERROR: Hidden Testcases server unreachable.", "problem_id": "ads2_m4_a1_1", "user_id": "madhavimvh", "score": {"sample": {"0": {"execution_time": 0.2543196678161621, "passed": false}, "1": {"execution_time": 0.2902240753173828, "passed": false}, "2": {"execution_time": 0.2873713970184326, "passed": false}, "3": {"execution_time": 0.2893509864807129, "passed": false}, "4": {"execution_time": 0.21941304206848145, "passed": false}, "5": {"execution_time": 0.23138070106506348, "passed": false}, "6": {"execution_time": 0.2283923625946045, "passed": false}, "7": {"execution_time": 0.22539854049682617, "passed": false}, "8": {"execution_time": 0.23337769508361816, "passed": false}, "9": {"execution_time": 0.29125380516052246, "passed": false}, "10": {"execution_time": 0.23540210723876953, "passed": false}, "11": {"execution_time": 0.3580434322357178, "passed": false}, "12": {"execution_time": 0.21642160415649414, "passed": false}, "13": {"execution_time": 1.2118027210235596, "passed": false}, "14": {"execution_time": 0.2503318786621094, "passed": false}}}, "check_style_score": "1/1"}