{"version": "1", "message": "ERROR: Hidden Testcases server unreachable.", "problem_id": "ads2_m4_a1_1", "user_id": "madhavimvh", "score": {"sample": {"0": {"execution_time": 0.27330541610717773, "passed": true}, "1": {"execution_time": 0.19448089599609375, "passed": false}, "2": {"execution_time": 0.21243047714233398, "passed": false}, "3": {"execution_time": 0.19946694374084473, "passed": false}, "4": {"execution_time": 0.19747281074523926, "passed": false}, "5": {"execution_time": 0.2154240608215332, "passed": false}, "6": {"execution_time": 0.20046424865722656, "passed": false}, "7": {"execution_time": 0.24335026741027832, "passed": false}, "8": {"execution_time": 0.29325413703918457, "passed": true}, "9": {"execution_time": 0.22140884399414062, "passed": true}, "10": {"execution_time": 0.22644758224487305, "passed": true}, "11": {"execution_time": 0.19995331764221191, "passed": true}, "12": {"execution_time": 0.18995141983032227, "passed": true}, "13": {"execution_time": 0.1920459270477295, "passed": false}, "14": {"execution_time": 0.21024584770202637, "passed": true}}}, "check_style_score": "0/1"}