{"version": "1", "message": "ERROR: Hidden Testcases server unreachable.", "problem_id": "ads2_m4_a1_1", "user_id": "madhavimvh", "score": {"sample": {"0": {"execution_time": 0.2533237934112549, "passed": false}, "1": {"execution_time": 0.23944306373596191, "passed": false}, "2": {"execution_time": 0.28523731231689453, "passed": false}, "3": {"execution_time": 0.29830408096313477, "passed": false}, "4": {"execution_time": 0.24534344673156738, "passed": false}, "5": {"execution_time": 0.22340130805969238, "passed": false}, "6": {"execution_time": 0.23941659927368164, "passed": false}, "7": {"execution_time": 0.22140812873840332, "passed": false}, "8": {"execution_time": 0.22739148139953613, "passed": false}, "9": {"execution_time": 0.22838902473449707, "passed": false}, "10": {"execution_time": 0.2513277530670166, "passed": false}, "11": {"execution_time": 0.21941351890563965, "passed": false}, "12": {"execution_time": 0.21852469444274902, "passed": false}, "13": {"execution_time": 1.2606298923492432, "passed": false}, "14": {"execution_time": 0.22539663314819336, "passed": false}}}, "check_style_score": "1/1"}