{"version": "1", "message": "ERROR: Hidden Testcases server unreachable.", "problem_id": "ads2_m4_a1_1", "user_id": "madhavimvh", "score": {"sample": {"0": {"execution_time": 0.30698680877685547, "passed": true}, "1": {"execution_time": 0.271273136138916, "passed": true}, "2": {"execution_time": 0.2930731773376465, "passed": true}, "3": {"execution_time": 0.3121953010559082, "passed": true}, "4": {"execution_time": 0.24933314323425293, "passed": true}, "5": {"execution_time": 0.2483365535736084, "passed": true}, "6": {"execution_time": 0.24839019775390625, "passed": true}, "7": {"execution_time": 0.24748992919921875, "passed": true}, "8": {"execution_time": 0.26136136054992676, "passed": true}, "9": {"execution_time": 0.3171534538269043, "passed": true}, "10": {"execution_time": 0.22739362716674805, "passed": true}, "11": {"execution_time": 0.23537087440490723, "passed": true}, "12": {"execution_time": 0.2394392490386963, "passed": true}, "13": {"execution_time": 1.2715990543365479, "passed": true}, "14": {"execution_time": 0.22240543365478516, "passed": true}}}, "check_style_score": "0/1"}