{"version": "1", "message": "ERROR: Hidden Testcases server unreachable.", "problem_id": "ads2_m4_a1_1", "user_id": "madhavimvh", "score": {"sample": {"0": {"execution_time": 0.2863180637359619, "passed": true}, "1": {"execution_time": 0.21977591514587402, "passed": false}, "2": {"execution_time": 0.1905827522277832, "passed": false}, "3": {"execution_time": 0.19693303108215332, "passed": false}, "4": {"execution_time": 0.19254207611083984, "passed": false}, "5": {"execution_time": 0.1904926300048828, "passed": false}, "6": {"execution_time": 0.19017386436462402, "passed": false}, "7": {"execution_time": 0.19020891189575195, "passed": false}, "8": {"execution_time": 0.35416579246520996, "passed": true}, "9": {"execution_time": 0.21253514289855957, "passed": true}, "10": {"execution_time": 0.21178650856018066, "passed": true}, "11": {"execution_time": 0.19148707389831543, "passed": true}, "12": {"execution_time": 0.1894664764404297, "passed": true}, "13": {"execution_time": 0.18852686882019043, "passed": false}, "14": {"execution_time": 0.21440386772155762, "passed": true}}}, "check_style_score": "0/1"}