{"version": "1", "message": "ERROR: Hidden Testcases server unreachable.", "problem_id": "ads2_m4_a1_1", "user_id": "madhavimvh", "score": {"sample": {"0": {"execution_time": 0.4240858554840088, "passed": true}, "1": {"execution_time": 0.1934812068939209, "passed": false}, "2": {"execution_time": 0.34108924865722656, "passed": false}, "3": {"execution_time": 0.2343742847442627, "passed": false}, "4": {"execution_time": 0.23836326599121094, "passed": false}, "5": {"execution_time": 0.20545029640197754, "passed": false}, "6": {"execution_time": 0.20249009132385254, "passed": false}, "7": {"execution_time": 0.19647550582885742, "passed": false}, "8": {"execution_time": 0.2719738483428955, "passed": true}, "9": {"execution_time": 0.23836350440979004, "passed": true}, "10": {"execution_time": 0.2433485984802246, "passed": true}, "11": {"execution_time": 0.18952226638793945, "passed": true}, "12": {"execution_time": 0.19547581672668457, "passed": true}, "13": {"execution_time": 0.22146868705749512, "passed": false}, "14": {"execution_time": 0.2174537181854248, "passed": true}}}, "check_style_score": "0/1"}