{"version": "1", "message": "ERROR: Hidden Testcases server unreachable.", "problem_id": "ads2_m4_a1_1", "user_id": "madhavimvh", "score": {"sample": {"0": {"execution_time": 0.3001976013183594, "passed": true}, "1": {"execution_time": 0.25637149810791016, "passed": false}, "2": {"execution_time": 0.19747662544250488, "passed": false}, "3": {"execution_time": 0.25333237648010254, "passed": false}, "4": {"execution_time": 0.2543818950653076, "passed": false}, "5": {"execution_time": 0.18954801559448242, "passed": false}, "6": {"execution_time": 0.20258331298828125, "passed": false}, "7": {"execution_time": 0.20255064964294434, "passed": false}, "8": {"execution_time": 0.359039306640625, "passed": true}, "9": {"execution_time": 0.3012709617614746, "passed": true}, "10": {"execution_time": 0.22542929649353027, "passed": true}, "11": {"execution_time": 0.22643017768859863, "passed": true}, "12": {"execution_time": 0.19988226890563965, "passed": true}, "13": {"execution_time": 0.23138046264648438, "passed": false}, "14": {"execution_time": 0.25139832496643066, "passed": true}}}, "check_style_score": "0/1"}