{"version": "1", "message": "ERROR: Hidden Testcases server unreachable.", "problem_id": "ads2_m4_a1_1", "user_id": "madhavimvh", "score": {"sample": {"0": {"execution_time": 0.31615447998046875, "passed": true}, "1": {"execution_time": 0.2154231071472168, "passed": false}, "2": {"execution_time": 0.19346952438354492, "passed": false}, "3": {"execution_time": 0.22440099716186523, "passed": false}, "4": {"execution_time": 0.22924327850341797, "passed": false}, "5": {"execution_time": 0.18949484825134277, "passed": false}, "6": {"execution_time": 0.19849753379821777, "passed": false}, "7": {"execution_time": 0.19253826141357422, "passed": false}, "8": {"execution_time": 0.2633779048919678, "passed": true}, "9": {"execution_time": 0.32413434982299805, "passed": false}, "10": {"execution_time": 0.2553584575653076, "passed": false}, "11": {"execution_time": 0.18853378295898438, "passed": false}, "12": {"execution_time": 0.1935415267944336, "passed": false}, "13": {"execution_time": 0.19154787063598633, "passed": false}, "14": {"execution_time": 0.21941256523132324, "passed": true}}}, "check_style_score": "0/1"}