{"version": "1", "message": "ERROR: Hidden Testcases server unreachable.", "problem_id": "ads2_m2_a1_1", "user_id": "madhavimvh", "score": {"sample": {"0": {"execution_time": 0.267284631729126, "passed": true}, "1": {"execution_time": 0.19448065757751465, "passed": true}, "2": {"execution_time": 0.19447922706604004, "passed": true}, "3": {"execution_time": 0.19856786727905273, "passed": true}, "4": {"execution_time": 0.19946646690368652, "passed": true}, "5": {"execution_time": 0.19647645950317383, "passed": true}, "6": {"execution_time": 0.19647645950317383, "passed": true}, "7": {"execution_time": 0.19547653198242188, "passed": true}, "8": {"execution_time": 0.198469877243042, "passed": true}, "9": {"execution_time": 0.19950127601623535, "passed": true}, "10": {"execution_time": 0.19647645950317383, "passed": true}, "11": {"execution_time": 0.19946575164794922, "passed": true}, "12": {"execution_time": 0.1964735984802246, "passed": true}, "13": {"execution_time": 0.20046401023864746, "passed": true}, "14": {"execution_time": 0.19947457313537598, "passed": true}, "15": {"execution_time": 0.2443983554840088, "passed": true}, "16": {"execution_time": 0.22848820686340332, "passed": true}, "17": {"execution_time": 0.3560476303100586, "passed": true}, "18": {"execution_time": 0.29620790481567383, "passed": true}, "19": {"execution_time": 0.2932164669036865, "passed": true}, "20": {"execution_time": 0.33510422706604004, "passed": true}, "21": {"execution_time": 0.20744562149047852, "passed": true}, "22": {"execution_time": 0.7898869514465332, "passed": true}, "23": {"execution_time": 0.7988648414611816, "passed": true}}}, "check_style_score": "0/1"}