{"version": "1", "message": "ERROR: Hidden Testcases server unreachable.", "problem_id": "ads2_m2_a1_1", "user_id": "madhavimvh", "score": {"sample": {"0": {"execution_time": 0.26429271697998047, "passed": true}, "1": {"execution_time": 0.2044541835784912, "passed": true}, "2": {"execution_time": 0.21642112731933594, "passed": true}, "3": {"execution_time": 0.1934814453125, "passed": true}, "4": {"execution_time": 0.19747185707092285, "passed": true}, "5": {"execution_time": 0.19248604774475098, "passed": true}, "6": {"execution_time": 0.20246076583862305, "passed": true}, "7": {"execution_time": 0.19946670532226562, "passed": true}, "8": {"execution_time": 0.19747185707092285, "passed": true}, "9": {"execution_time": 0.19750595092773438, "passed": true}, "10": {"execution_time": 0.19447994232177734, "passed": true}, "11": {"execution_time": 0.19254040718078613, "passed": true}, "12": {"execution_time": 0.24273157119750977, "passed": true}, "13": {"execution_time": 0.2014598846435547, "passed": true}, "14": {"execution_time": 0.1984715461730957, "passed": true}, "15": {"execution_time": 0.2433483600616455, "passed": true}, "16": {"execution_time": 0.20744657516479492, "passed": true}, "17": {"execution_time": 0.2812831401824951, "passed": true}, "18": {"execution_time": 0.28822851181030273, "passed": true}, "19": {"execution_time": 0.27936768531799316, "passed": true}, "20": {"execution_time": 0.3281216621398926, "passed": true}, "21": {"execution_time": 0.1985034942626953, "passed": true}, "22": {"execution_time": 0.813316822052002, "passed": true}, "23": {"execution_time": 0.8527200222015381, "passed": true}}}, "check_style_score": "0/1"}