{"version": "1", "message": "ERROR: Hidden Testcases server unreachable.", "problem_id": "ads2_m2_a1_1", "user_id": "madhavimvh", "score": {"sample": {"0": {"execution_time": 0.27525925636291504, "passed": true}, "1": {"execution_time": 0.24733829498291016, "passed": true}, "2": {"execution_time": 0.26429295539855957, "passed": true}, "3": {"execution_time": 0.211439847946167, "passed": true}, "4": {"execution_time": 0.2652897834777832, "passed": true}, "5": {"execution_time": 0.2642936706542969, "passed": true}, "6": {"execution_time": 0.2403569221496582, "passed": true}, "7": {"execution_time": 0.2403571605682373, "passed": true}, "8": {"execution_time": 0.2712740898132324, "passed": true}, "9": {"execution_time": 0.27725887298583984, "passed": true}, "10": {"execution_time": 0.2652902603149414, "passed": true}, "11": {"execution_time": 0.256314754486084, "passed": true}, "12": {"execution_time": 0.22844314575195312, "passed": true}, "13": {"execution_time": 0.20245766639709473, "passed": true}, "14": {"execution_time": 0.20046377182006836, "passed": true}, "15": {"execution_time": 0.2593069076538086, "passed": true}, "16": {"execution_time": 0.26749348640441895, "passed": true}, "17": {"execution_time": 0.2952451705932617, "passed": true}, "18": {"execution_time": 0.6063776016235352, "passed": true}, "19": {"execution_time": 0.3422675132751465, "passed": true}, "20": {"execution_time": 0.3390932083129883, "passed": true}, "21": {"execution_time": 0.21542644500732422, "passed": true}, "22": {"execution_time": 0.8108315467834473, "passed": true}, "23": {"execution_time": 0.7519900798797607, "passed": true}}}, "check_style_score": "1/1"}