{"version": "1", "message": "ERROR: Hidden Testcases server unreachable.", "problem_id": "ads2_m2_a1_1", "user_id": "madhavimvh", "score": {"sample": {"0": {"execution_time": 0.26329588890075684, "passed": true}, "1": {"execution_time": 0.19547724723815918, "passed": true}, "2": {"execution_time": 0.19248533248901367, "passed": true}, "3": {"execution_time": 0.19647598266601562, "passed": true}, "4": {"execution_time": 0.19448041915893555, "passed": true}, "5": {"execution_time": 0.1934809684753418, "passed": true}, "6": {"execution_time": 0.19747233390808105, "passed": true}, "7": {"execution_time": 0.19647479057312012, "passed": true}, "8": {"execution_time": 0.2015519142150879, "passed": true}, "9": {"execution_time": 0.20046281814575195, "passed": true}, "10": {"execution_time": 0.19647693634033203, "passed": true}, "11": {"execution_time": 0.19747304916381836, "passed": true}, "12": {"execution_time": 0.25244569778442383, "passed": true}, "13": {"execution_time": 0.19946646690368652, "passed": true}, "14": {"execution_time": 0.19747209548950195, "passed": true}, "15": {"execution_time": 0.2483370304107666, "passed": true}, "16": {"execution_time": 0.21959495544433594, "passed": true}, "17": {"execution_time": 0.28623414039611816, "passed": true}, "18": {"execution_time": 0.2943117618560791, "passed": true}, "19": {"execution_time": 0.2782914638519287, "passed": true}, "20": {"execution_time": 0.32712459564208984, "passed": true}, "21": {"execution_time": 0.19747161865234375, "passed": true}, "22": {"execution_time": 0.8387587070465088, "passed": true}, "23": {"execution_time": 0.7862169742584229, "passed": true}}}, "check_style_score": "0/1"}