{"version": "1", "message": "ERROR: Hidden Testcases server unreachable.", "problem_id": "ads2_m2_a1_1", "user_id": "madhavimvh", "score": {"sample": {"0": {"execution_time": 0.26130080223083496, "passed": true}, "1": {"execution_time": 0.19946622848510742, "passed": true}, "2": {"execution_time": 0.20844244956970215, "passed": true}, "3": {"execution_time": 0.2104356288909912, "passed": true}, "4": {"execution_time": 0.20548653602600098, "passed": true}, "5": {"execution_time": 0.2014625072479248, "passed": true}, "6": {"execution_time": 0.1984713077545166, "passed": true}, "7": {"execution_time": 0.1984713077545166, "passed": true}, "8": {"execution_time": 0.20245742797851562, "passed": true}, "9": {"execution_time": 0.2074449062347412, "passed": true}, "10": {"execution_time": 0.28024935722351074, "passed": true}, "11": {"execution_time": 0.2064504623413086, "passed": true}, "12": {"execution_time": 0.22240519523620605, "passed": true}, "13": {"execution_time": 0.20152020454406738, "passed": true}, "14": {"execution_time": 0.24933433532714844, "passed": true}, "15": {"execution_time": 0.2982039451599121, "passed": true}, "16": {"execution_time": 0.23038291931152344, "passed": true}, "17": {"execution_time": 0.33211207389831543, "passed": true}, "18": {"execution_time": 0.29720473289489746, "passed": true}, "19": {"execution_time": 0.2902259826660156, "passed": true}, "20": {"execution_time": 0.40491604804992676, "passed": true}, "21": {"execution_time": 0.24534273147583008, "passed": true}, "22": {"execution_time": 0.7958738803863525, "passed": true}, "23": {"execution_time": 0.7549853324890137, "passed": true}}}, "check_style_score": "0/1"}