{"version": "1", "message": "ERROR: Hidden Testcases server unreachable.", "problem_id": "ads2_m2_a1_1", "user_id": "madhavimvh", "score": {"sample": {"0": {"execution_time": 0.23259592056274414, "passed": true}, "1": {"execution_time": 0.2014610767364502, "passed": true}, "2": {"execution_time": 0.19946575164794922, "passed": true}, "3": {"execution_time": 0.20245885848999023, "passed": true}, "4": {"execution_time": 0.202467679977417, "passed": true}, "5": {"execution_time": 0.19746685028076172, "passed": true}, "6": {"execution_time": 0.19755148887634277, "passed": true}, "7": {"execution_time": 0.19946551322937012, "passed": true}, "8": {"execution_time": 0.20251250267028809, "passed": true}, "9": {"execution_time": 0.1934814453125, "passed": true}, "10": {"execution_time": 0.20046377182006836, "passed": true}, "11": {"execution_time": 0.216461181640625, "passed": true}, "12": {"execution_time": 0.19747281074523926, "passed": true}, "13": {"execution_time": 0.21343064308166504, "passed": true}, "14": {"execution_time": 0.20047783851623535, "passed": true}, "15": {"execution_time": 0.24933409690856934, "passed": true}, "16": {"execution_time": 0.22650623321533203, "passed": true}, "17": {"execution_time": 0.2872323989868164, "passed": true}, "18": {"execution_time": 0.30219173431396484, "passed": true}, "19": {"execution_time": 0.2812488079071045, "passed": true}, "20": {"execution_time": 0.32817935943603516, "passed": true}, "21": {"execution_time": 0.20345425605773926, "passed": true}, "22": {"execution_time": 0.7749276161193848, "passed": true}, "23": {"execution_time": 0.7320551872253418, "passed": true}}}, "check_style_score": "1/1"}