{"version": "1", "message": "ERROR: Hidden Testcases server unreachable.", "problem_id": "ads2_m2_a1_1", "user_id": "madhavimvh", "score": {"sample": {"0": {"execution_time": 0.311168909072876, "passed": true}, "1": {"execution_time": 0.19946718215942383, "passed": true}, "2": {"execution_time": 0.2094416618347168, "passed": true}, "3": {"execution_time": 0.24537444114685059, "passed": true}, "4": {"execution_time": 0.21343040466308594, "passed": true}, "5": {"execution_time": 0.20545291900634766, "passed": true}, "6": {"execution_time": 0.26927971839904785, "passed": true}, "7": {"execution_time": 0.2124319076538086, "passed": true}, "8": {"execution_time": 0.26130056381225586, "passed": true}, "9": {"execution_time": 0.20844340324401855, "passed": true}, "10": {"execution_time": 0.2293853759765625, "passed": true}, "11": {"execution_time": 0.1984694004058838, "passed": true}, "12": {"execution_time": 0.2014625072479248, "passed": true}, "13": {"execution_time": 0.22539663314819336, "passed": true}, "14": {"execution_time": 0.19946789741516113, "passed": true}, "15": {"execution_time": 0.25531744956970215, "passed": true}, "16": {"execution_time": 0.2792477607727051, "passed": true}, "17": {"execution_time": 0.3692359924316406, "passed": true}, "18": {"execution_time": 0.3650248050689697, "passed": true}, "19": {"execution_time": 0.2972426414489746, "passed": true}, "20": {"execution_time": 0.33414220809936523, "passed": true}, "21": {"execution_time": 0.21547818183898926, "passed": true}, "22": {"execution_time": 0.7639565467834473, "passed": true}, "23": {"execution_time": 0.7739312648773193, "passed": true}}}, "check_style_score": "0/1"}