{"version": "1", "message": "ERROR: Hidden Testcases server unreachable.", "problem_id": "ads2_m2_a1_1", "user_id": "madhavimvh", "score": {"sample": {"0": {"execution_time": 0.25531649589538574, "passed": true}, "1": {"execution_time": 0.1945359706878662, "passed": true}, "2": {"execution_time": 0.19111967086791992, "passed": true}, "3": {"execution_time": 0.19291257858276367, "passed": true}, "4": {"execution_time": 0.1941986083984375, "passed": true}, "5": {"execution_time": 0.18954825401306152, "passed": true}, "6": {"execution_time": 0.18954920768737793, "passed": true}, "7": {"execution_time": 0.19150137901306152, "passed": true}, "8": {"execution_time": 0.19396066665649414, "passed": true}, "9": {"execution_time": 0.19054460525512695, "passed": true}, "10": {"execution_time": 0.19467735290527344, "passed": true}, "11": {"execution_time": 0.19492340087890625, "passed": true}, "12": {"execution_time": 0.19394254684448242, "passed": true}, "13": {"execution_time": 0.19466733932495117, "passed": true}, "14": {"execution_time": 0.19848084449768066, "passed": true}, "15": {"execution_time": 0.23917818069458008, "passed": true}, "16": {"execution_time": 0.21769189834594727, "passed": true}, "17": {"execution_time": 0.2765223979949951, "passed": true}, "18": {"execution_time": 0.2870914936065674, "passed": true}, "19": {"execution_time": 0.27072644233703613, "passed": true}, "20": {"execution_time": 0.31906771659851074, "passed": true}, "21": {"execution_time": 0.19558429718017578, "passed": true}, "22": {"execution_time": 0.763056755065918, "passed": true}, "23": {"execution_time": 0.7223460674285889, "passed": true}}}, "check_style_score": "0/1"}