{"version": "1", "message": "ERROR: Hidden Testcases server unreachable.", "problem_id": "ads2_m6_a1_1", "user_id": "madhavimvh", "score": {"sample": {"0": {"execution_time": 0.3041858673095703, "passed": false}, "1": {"execution_time": 0.2782561779022217, "passed": false}, "2": {"execution_time": 0.274350643157959, "passed": false}, "3": {"execution_time": 0.26928067207336426, "passed": false}, "4": {"execution_time": 0.2703416347503662, "passed": false}, "5": {"execution_time": 0.2723267078399658, "passed": false}, "6": {"execution_time": 0.26364684104919434, "passed": true}, "7": {"execution_time": 0.2694692611694336, "passed": false}, "8": {"execution_time": 0.274273157119751, "passed": true}, "9": {"execution_time": 0.27033400535583496, "passed": false}, "10": {"execution_time": 0.26345205307006836, "passed": true}, "11": {"execution_time": 0.2792539596557617, "passed": false}}}, "check_style_score": "0/1"}