{"version": "1", "message": "ERROR: Hidden Testcases server unreachable.", "problem_id": "ads2_m6_a1_1", "user_id": "madhavimvh", "score": {"sample": {"0": {"execution_time": 1.4821579456329346, "passed": false}, "1": {"execution_time": 0.2842392921447754, "passed": false}, "2": {"execution_time": 0.27135777473449707, "passed": false}, "3": {"execution_time": 0.3093283176422119, "passed": false}, "4": {"execution_time": 0.2764444351196289, "passed": true}, "5": {"execution_time": 0.3450794219970703, "passed": false}, "6": {"execution_time": 0.27335071563720703, "passed": true}, "7": {"execution_time": 0.27871274948120117, "passed": false}, "8": {"execution_time": 0.27136969566345215, "passed": true}, "9": {"execution_time": 0.28030824661254883, "passed": true}, "10": {"execution_time": 0.3092827796936035, "passed": true}, "11": {"execution_time": 0.3530569076538086, "passed": false}}}, "check_style_score": "1/1"}