{"version": "1", "message": "ERROR: Hidden Testcases server unreachable.", "problem_id": "ads2_m6_a1_1", "user_id": "madhavimvh", "score": {"sample": {"0": {"execution_time": 0.23636746406555176, "passed": false}, "1": {"execution_time": 0.204453706741333, "passed": false}, "2": {"execution_time": 0.2293863296508789, "passed": false}, "3": {"execution_time": 0.26429009437561035, "passed": false}, "4": {"execution_time": 0.3630220890045166, "passed": false}, "5": {"execution_time": 0.36901402473449707, "passed": false}, "6": {"execution_time": 0.3700118064880371, "passed": false}, "7": {"execution_time": 0.36302995681762695, "passed": false}, "8": {"execution_time": 0.40293002128601074, "passed": false}, "9": {"execution_time": 0.3869659900665283, "passed": false}, "10": {"execution_time": 0.39594054222106934, "passed": false}, "11": {"execution_time": 0.2932167053222656, "passed": false}}}, "check_style_score": "0/1"}