{"version": "1", "message": "ERROR: Hidden Testcases server unreachable.", "problem_id": "ads2_m6_a1_1", "user_id": "madhavimvh", "score": {"sample": {"0": {"execution_time": 0.27135682106018066, "passed": false}, "1": {"execution_time": 0.268571138381958, "passed": false}, "2": {"execution_time": 0.3012392520904541, "passed": false}, "3": {"execution_time": 0.2762613296508789, "passed": false}, "4": {"execution_time": 0.2694668769836426, "passed": true}, "5": {"execution_time": 0.26928067207336426, "passed": false}, "6": {"execution_time": 0.26834607124328613, "passed": true}, "7": {"execution_time": 0.2722783088684082, "passed": false}, "8": {"execution_time": 0.2693037986755371, "passed": true}, "9": {"execution_time": 0.27435755729675293, "passed": true}, "10": {"execution_time": 0.2664756774902344, "passed": true}, "11": {"execution_time": 0.27127671241760254, "passed": false}}}, "check_style_score": "0/1"}