{"version": "1", "message": "ERROR: Hidden Testcases server unreachable.", "problem_id": "ads2_m6_a1_1", "user_id": "madhavimvh", "score": {"sample": {"0": {"execution_time": 0.30518531799316406, "passed": false}, "1": {"execution_time": 0.27335143089294434, "passed": false}, "2": {"execution_time": 0.28631019592285156, "passed": false}, "3": {"execution_time": 0.27127718925476074, "passed": false}, "4": {"execution_time": 0.27127718925476074, "passed": true}, "5": {"execution_time": 0.2712738513946533, "passed": false}, "6": {"execution_time": 0.2852783203125, "passed": true}, "7": {"execution_time": 0.2732694149017334, "passed": false}, "8": {"execution_time": 0.27725911140441895, "passed": true}, "9": {"execution_time": 0.28324294090270996, "passed": true}, "10": {"execution_time": 0.35503125190734863, "passed": true}, "11": {"execution_time": 0.2754487991333008, "passed": false}}}, "check_style_score": "0/1"}