{"version": "1", "message": "ERROR: Hidden Testcases server unreachable.", "problem_id": "ads2_m6_a1_1", "user_id": "madhavimvh", "score": {"sample": {"0": {"execution_time": 0.2074446678161621, "passed": false}, "1": {"execution_time": 0.19148707389831543, "passed": false}, "2": {"execution_time": 0.20345807075500488, "passed": false}, "3": {"execution_time": 0.19547677040100098, "passed": false}, "4": {"execution_time": 0.1945359706878662, "passed": false}, "5": {"execution_time": 0.1995236873626709, "passed": false}, "6": {"execution_time": 0.19946789741516113, "passed": false}, "7": {"execution_time": 0.19647550582885742, "passed": false}, "8": {"execution_time": 0.285416841506958, "passed": false}, "9": {"execution_time": 0.19447922706604004, "passed": false}, "10": {"execution_time": 0.2662932872772217, "passed": false}, "11": {"execution_time": 0.19547772407531738, "passed": false}}}, "check_style_score": "0/1"}