{"version": "1", "message": "ERROR: Hidden Testcases server unreachable.", "problem_id": "ads2_m6_a1_1", "user_id": "madhavimvh", "score": {"sample": {"0": {"execution_time": 0.31560420989990234, "passed": false}, "1": {"execution_time": 0.310685396194458, "passed": false}, "2": {"execution_time": 0.2734999656677246, "passed": false}, "3": {"execution_time": 0.370180606842041, "passed": false}, "4": {"execution_time": 0.32074427604675293, "passed": false}, "5": {"execution_time": 0.3017115592956543, "passed": false}, "6": {"execution_time": 0.28130245208740234, "passed": true}, "7": {"execution_time": 0.2683398723602295, "passed": false}, "8": {"execution_time": 0.28281712532043457, "passed": true}, "9": {"execution_time": 0.3100883960723877, "passed": false}, "10": {"execution_time": 0.2802560329437256, "passed": true}, "11": {"execution_time": 0.28574419021606445, "passed": false}}}, "check_style_score": "0/1"}