{"version": "1", "message": "ERROR: Hidden Testcases server unreachable.", "problem_id": "ads2_m6_a1_1", "user_id": "madhavimvh", "score": {"sample": {"0": {"execution_time": 0.2932717800140381, "passed": false}, "1": {"execution_time": 0.29920101165771484, "passed": false}, "2": {"execution_time": 0.3162097930908203, "passed": false}, "3": {"execution_time": 0.31914639472961426, "passed": false}, "4": {"execution_time": 0.2783830165863037, "passed": false}, "5": {"execution_time": 0.300311803817749, "passed": false}, "6": {"execution_time": 0.27439355850219727, "passed": true}, "7": {"execution_time": 0.26631975173950195, "passed": false}, "8": {"execution_time": 0.2753455638885498, "passed": true}, "9": {"execution_time": 0.27426719665527344, "passed": false}, "10": {"execution_time": 0.2723562717437744, "passed": true}, "11": {"execution_time": 0.2833700180053711, "passed": false}}}, "check_style_score": "0/1"}