{"version": "1", "message": "ERROR: Hidden Testcases server unreachable.", "problem_id": "ads2_m6_a1_1", "user_id": "madhavimvh", "score": {"sample": {"0": {"execution_time": 0.41489243507385254, "passed": false}, "1": {"execution_time": 0.3530566692352295, "passed": false}, "2": {"execution_time": 0.2784268856048584, "passed": false}, "3": {"execution_time": 0.32217860221862793, "passed": false}, "4": {"execution_time": 0.29720568656921387, "passed": false}, "5": {"execution_time": 0.31821751594543457, "passed": false}, "6": {"execution_time": 0.31131744384765625, "passed": true}, "7": {"execution_time": 0.2972743511199951, "passed": false}, "8": {"execution_time": 0.30521535873413086, "passed": true}, "9": {"execution_time": 0.27227306365966797, "passed": false}, "10": {"execution_time": 0.27928829193115234, "passed": true}, "11": {"execution_time": 0.31722402572631836, "passed": false}}}, "check_style_score": "0/1"}