{"version": "1", "message": "ERROR: Hidden Testcases server unreachable.", "problem_id": "ads2_m6_a1_1", "user_id": "madhavimvh", "score": {"sample": {"0": {"execution_time": 0.26030445098876953, "passed": false}, "1": {"execution_time": 0.27725934982299805, "passed": false}, "2": {"execution_time": 0.2763197422027588, "passed": false}, "3": {"execution_time": 0.26731395721435547, "passed": false}, "4": {"execution_time": 0.26734161376953125, "passed": false}, "5": {"execution_time": 0.2673211097717285, "passed": false}, "6": {"execution_time": 0.2603573799133301, "passed": false}, "7": {"execution_time": 0.2912755012512207, "passed": false}, "8": {"execution_time": 0.26930880546569824, "passed": false}, "9": {"execution_time": 0.28232836723327637, "passed": false}, "10": {"execution_time": 0.2603938579559326, "passed": false}, "11": {"execution_time": 0.26734113693237305, "passed": false}}}, "check_style_score": "0/1"}