{"version": "1", "message": "ERROR: Hidden Testcases server unreachable.", "problem_id": "ads2_m6_a1_1", "user_id": "madhavimvh", "score": {"sample": {"0": {"execution_time": 0.34437108039855957, "passed": false}, "1": {"execution_time": 0.29317164421081543, "passed": false}, "2": {"execution_time": 0.2824418544769287, "passed": false}, "3": {"execution_time": 0.3106827735900879, "passed": false}, "4": {"execution_time": 0.3672802448272705, "passed": false}, "5": {"execution_time": 0.28025007247924805, "passed": false}, "6": {"execution_time": 0.28408098220825195, "passed": true}, "7": {"execution_time": 0.2882716655731201, "passed": false}, "8": {"execution_time": 0.3086981773376465, "passed": true}, "9": {"execution_time": 0.28483009338378906, "passed": false}, "10": {"execution_time": 0.3709292411804199, "passed": true}, "11": {"execution_time": 0.29750585556030273, "passed": false}}}, "check_style_score": "0/1"}