{"version": "1", "message": "ERROR: Hidden Testcases server unreachable.", "problem_id": "ads2_m6_a1_1", "user_id": "madhavimvh", "score": {"sample": {"0": {"execution_time": 0.28740835189819336, "passed": false}, "1": {"execution_time": 0.2624213695526123, "passed": false}, "2": {"execution_time": 0.2673323154449463, "passed": false}, "3": {"execution_time": 0.33084964752197266, "passed": false}, "4": {"execution_time": 0.27426838874816895, "passed": false}, "5": {"execution_time": 0.2762625217437744, "passed": false}, "6": {"execution_time": 0.2695651054382324, "passed": true}, "7": {"execution_time": 0.27725768089294434, "passed": false}, "8": {"execution_time": 0.2782571315765381, "passed": true}, "9": {"execution_time": 0.276289701461792, "passed": false}, "10": {"execution_time": 0.274383544921875, "passed": true}, "11": {"execution_time": 0.2754507064819336, "passed": false}}}, "check_style_score": "0/1"}