{"version": "1", "message": "ERROR: Hidden Testcases server unreachable.", "problem_id": "ads2_m6_a1_1", "user_id": "madhavimvh", "score": {"sample": {"0": {"execution_time": 0.2019953727722168, "passed": false}, "1": {"execution_time": 0.18954706192016602, "passed": false}, "2": {"execution_time": 0.2104940414428711, "passed": false}, "3": {"execution_time": 0.20461583137512207, "passed": false}, "4": {"execution_time": 0.21049261093139648, "passed": false}, "5": {"execution_time": 0.18852972984313965, "passed": false}, "6": {"execution_time": 0.20246028900146484, "passed": false}, "7": {"execution_time": 0.20183444023132324, "passed": false}, "8": {"execution_time": 0.21452784538269043, "passed": false}, "9": {"execution_time": 0.19658732414245605, "passed": false}, "10": {"execution_time": 0.21061444282531738, "passed": false}, "11": {"execution_time": 0.18990397453308105, "passed": false}}}, "check_style_score": "0/1"}