{"version": "1", "message": "ERROR: Hidden Testcases server unreachable.", "problem_id": "ads2_m6_a1_1", "user_id": "madhavimvh", "score": {"sample": {"0": {"execution_time": 0.28163647651672363, "passed": false}, "1": {"execution_time": 0.26656126976013184, "passed": false}, "2": {"execution_time": 0.3827080726623535, "passed": false}, "3": {"execution_time": 0.27646541595458984, "passed": false}, "4": {"execution_time": 0.2881777286529541, "passed": false}, "5": {"execution_time": 0.26850295066833496, "passed": false}, "6": {"execution_time": 0.33246707916259766, "passed": true}, "7": {"execution_time": 0.2766239643096924, "passed": false}, "8": {"execution_time": 0.4717390537261963, "passed": true}, "9": {"execution_time": 0.315157413482666, "passed": false}, "10": {"execution_time": 0.31768250465393066, "passed": true}, "11": {"execution_time": 0.3077404499053955, "passed": false}}}, "check_style_score": "0/1"}