{"version": "1", "message": "ERROR: Hidden Testcases server unreachable.", "problem_id": "ads2_m6_a1_1", "user_id": "madhavimvh", "score": {"sample": {"0": {"execution_time": 0.27330636978149414, "passed": false}, "1": {"execution_time": 0.2693662643432617, "passed": false}, "2": {"execution_time": 0.26854586601257324, "passed": false}, "3": {"execution_time": 0.36040735244750977, "passed": false}, "4": {"execution_time": 0.2744424343109131, "passed": true}, "5": {"execution_time": 0.3642916679382324, "passed": false}, "6": {"execution_time": 0.2676877975463867, "passed": true}, "7": {"execution_time": 0.26933813095092773, "passed": false}, "8": {"execution_time": 0.27144384384155273, "passed": true}, "9": {"execution_time": 0.27933335304260254, "passed": true}, "10": {"execution_time": 0.28934383392333984, "passed": true}, "11": {"execution_time": 0.309253454208374, "passed": false}}}, "check_style_score": "1/1"}