{"version": "1", "message": "ERROR: Hidden Testcases server unreachable.", "problem_id": "ads2_m6_a1_1", "user_id": "madhavimvh", "score": {"sample": {"0": {"execution_time": 0.313159704208374, "passed": false}, "1": {"execution_time": 0.260540246963501, "passed": false}, "2": {"execution_time": 0.28330016136169434, "passed": false}, "3": {"execution_time": 0.276320219039917, "passed": false}, "4": {"execution_time": 0.29720568656921387, "passed": false}, "5": {"execution_time": 0.2683990001678467, "passed": false}, "6": {"execution_time": 0.26635146141052246, "passed": false}, "7": {"execution_time": 0.2715795040130615, "passed": false}, "8": {"execution_time": 0.26735758781433105, "passed": false}, "9": {"execution_time": 0.26931309700012207, "passed": false}, "10": {"execution_time": 0.26927900314331055, "passed": false}, "11": {"execution_time": 0.2743222713470459, "passed": false}}}, "check_style_score": "0/1"}