{"version": "1", "message": "ERROR: Hidden Testcases server unreachable.", "problem_id": "ads2_m6_a1_1", "user_id": "madhavimvh", "score": {"sample": {"0": {"execution_time": 0.2892885208129883, "passed": false}, "1": {"execution_time": 0.2652146816253662, "passed": false}, "2": {"execution_time": 0.262434720993042, "passed": false}, "3": {"execution_time": 0.25942468643188477, "passed": false}, "4": {"execution_time": 0.25800538063049316, "passed": false}, "5": {"execution_time": 0.25977110862731934, "passed": false}, "6": {"execution_time": 0.2539401054382324, "passed": false}, "7": {"execution_time": 0.2595078945159912, "passed": false}, "8": {"execution_time": 0.251436710357666, "passed": false}, "9": {"execution_time": 0.252377986907959, "passed": false}, "10": {"execution_time": 0.2553725242614746, "passed": false}, "11": {"execution_time": 0.2743666172027588, "passed": false}}}, "check_style_score": "0/1"}