{"version": "1", "message": "ERROR: Hidden Testcases server unreachable.", "problem_id": "ads2_m6_a1_1", "user_id": "madhavimvh", "score": {"sample": {"0": {"execution_time": 0.27727222442626953, "passed": false}, "1": {"execution_time": 0.27178239822387695, "passed": false}, "2": {"execution_time": 0.295670747756958, "passed": false}, "3": {"execution_time": 0.3273310661315918, "passed": false}, "4": {"execution_time": 0.2874786853790283, "passed": false}, "5": {"execution_time": 0.2758340835571289, "passed": false}, "6": {"execution_time": 0.3011951446533203, "passed": true}, "7": {"execution_time": 0.34437036514282227, "passed": false}, "8": {"execution_time": 0.29421353340148926, "passed": true}, "9": {"execution_time": 0.3064415454864502, "passed": false}, "10": {"execution_time": 0.30219388008117676, "passed": true}, "11": {"execution_time": 0.28293943405151367, "passed": false}}}, "check_style_score": "0/1"}