{"version": "1", "message": "ERROR: Hidden Testcases server unreachable.", "problem_id": "ads2_m6_a1_1", "user_id": "madhavimvh", "score": {"sample": {"0": {"execution_time": 0.3041870594024658, "passed": false}, "1": {"execution_time": 0.3291206359863281, "passed": false}, "2": {"execution_time": 0.29720425605773926, "passed": false}, "3": {"execution_time": 0.32413363456726074, "passed": false}, "4": {"execution_time": 0.30718016624450684, "passed": true}, "5": {"execution_time": 0.3201448917388916, "passed": false}, "6": {"execution_time": 0.3041858673095703, "passed": true}, "7": {"execution_time": 0.31316304206848145, "passed": false}, "8": {"execution_time": 0.269390344619751, "passed": true}, "9": {"execution_time": 0.2704942226409912, "passed": true}, "10": {"execution_time": 0.2696571350097656, "passed": true}, "11": {"execution_time": 0.2743215560913086, "passed": false}}}, "check_style_score": "1/1"}