{"version": "1", "message": "ERROR: Hidden Testcases server unreachable.", "problem_id": "ads2_m6_a1_1", "user_id": "madhavimvh", "score": {"sample": {"0": {"execution_time": 0.2792537212371826, "passed": false}, "1": {"execution_time": 0.3021411895751953, "passed": false}, "2": {"execution_time": 0.2867774963378906, "passed": false}, "3": {"execution_time": 0.2782573699951172, "passed": false}, "4": {"execution_time": 0.28028392791748047, "passed": false}, "5": {"execution_time": 0.2821500301361084, "passed": false}, "6": {"execution_time": 0.28324270248413086, "passed": true}, "7": {"execution_time": 0.28637194633483887, "passed": false}, "8": {"execution_time": 0.27555203437805176, "passed": true}, "9": {"execution_time": 0.2812504768371582, "passed": false}, "10": {"execution_time": 0.2842411994934082, "passed": true}, "11": {"execution_time": 0.30971217155456543, "passed": false}}}, "check_style_score": "0/1"}