{"version": "1", "message": "ERROR: Hidden Testcases server unreachable.", "problem_id": "ads2_m6_a1_1", "user_id": "madhavimvh", "score": {"sample": {"0": {"execution_time": 0.26614999771118164, "passed": false}, "1": {"execution_time": 0.26642465591430664, "passed": false}, "2": {"execution_time": 0.28943967819213867, "passed": false}, "3": {"execution_time": 0.2672140598297119, "passed": false}, "4": {"execution_time": 0.342085599899292, "passed": true}, "5": {"execution_time": 0.2776002883911133, "passed": false}, "6": {"execution_time": 0.26506471633911133, "passed": true}, "7": {"execution_time": 0.29128313064575195, "passed": false}, "8": {"execution_time": 0.26739954948425293, "passed": true}, "9": {"execution_time": 0.34803009033203125, "passed": true}, "10": {"execution_time": 0.2595043182373047, "passed": true}, "11": {"execution_time": 0.27976202964782715, "passed": false}}}, "check_style_score": "1/1"}