{"version": "1", "message": "ERROR: Hidden Testcases server unreachable.", "problem_id": "ads2_m6_a1_1", "user_id": "madhavimvh", "score": {"sample": {"0": {"execution_time": 0.36338138580322266, "passed": false}, "1": {"execution_time": 0.36003661155700684, "passed": false}, "2": {"execution_time": 0.2772951126098633, "passed": false}, "3": {"execution_time": 0.2872312068939209, "passed": false}, "4": {"execution_time": 0.28133058547973633, "passed": false}, "5": {"execution_time": 0.29920005798339844, "passed": false}, "6": {"execution_time": 0.28052687644958496, "passed": true}, "7": {"execution_time": 0.272418737411499, "passed": false}, "8": {"execution_time": 0.28038692474365234, "passed": true}, "9": {"execution_time": 0.28629231452941895, "passed": false}, "10": {"execution_time": 0.2685685157775879, "passed": true}, "11": {"execution_time": 0.2842402458190918, "passed": false}}}, "check_style_score": "0/1"}