{"version": "1", "message": "ERROR: Hidden Testcases server unreachable.", "problem_id": "ads2_m6_a1_1", "user_id": "madhavimvh", "score": {"sample": {"0": {"execution_time": 0.27825498580932617, "passed": false}, "1": {"execution_time": 0.37699294090270996, "passed": false}, "2": {"execution_time": 0.28229761123657227, "passed": false}, "3": {"execution_time": 0.31162071228027344, "passed": false}, "4": {"execution_time": 0.34244227409362793, "passed": false}, "5": {"execution_time": 0.3032350540161133, "passed": false}, "6": {"execution_time": 0.2727839946746826, "passed": true}, "7": {"execution_time": 0.2951197624206543, "passed": false}, "8": {"execution_time": 0.2872750759124756, "passed": true}, "9": {"execution_time": 0.28682732582092285, "passed": false}, "10": {"execution_time": 0.3613607883453369, "passed": true}, "11": {"execution_time": 0.30817747116088867, "passed": false}}}, "check_style_score": "0/1"}