{"version": "1", "message": "ERROR: Hidden Testcases server unreachable.", "problem_id": "ads2_m6_a1_1", "user_id": "madhavimvh", "score": {"sample": {"0": {"execution_time": 0.5441169738769531, "passed": false}, "1": {"execution_time": 0.27431607246398926, "passed": false}, "2": {"execution_time": 0.2680845260620117, "passed": false}, "3": {"execution_time": 0.2693808078765869, "passed": false}, "4": {"execution_time": 0.27097058296203613, "passed": true}, "5": {"execution_time": 0.28025078773498535, "passed": false}, "6": {"execution_time": 0.2959306240081787, "passed": true}, "7": {"execution_time": 0.2622988224029541, "passed": false}, "8": {"execution_time": 0.2614750862121582, "passed": true}, "9": {"execution_time": 0.27179646492004395, "passed": true}, "10": {"execution_time": 0.2782630920410156, "passed": true}, "11": {"execution_time": 0.2852916717529297, "passed": false}}}, "check_style_score": "1/1"}