{"version": "1", "message": "ERROR: Hidden Testcases server unreachable.", "problem_id": "ads2_m6_a1_1", "user_id": "madhavimvh", "score": {"sample": {"0": {"execution_time": 0.29344630241394043, "passed": false}, "1": {"execution_time": 0.3650248050689697, "passed": false}, "2": {"execution_time": 0.32041215896606445, "passed": false}, "3": {"execution_time": 0.2872319221496582, "passed": false}, "4": {"execution_time": 0.28429436683654785, "passed": false}, "5": {"execution_time": 0.3092041015625, "passed": false}, "6": {"execution_time": 0.2952108383178711, "passed": true}, "7": {"execution_time": 0.3011946678161621, "passed": false}, "8": {"execution_time": 0.2812485694885254, "passed": true}, "9": {"execution_time": 0.28324294090270996, "passed": false}, "10": {"execution_time": 0.2722783088684082, "passed": true}, "11": {"execution_time": 0.30219244956970215, "passed": false}}}, "check_style_score": "0/1"}