{"version": "1", "message": "ERROR: Hidden Testcases server unreachable.", "problem_id": "ads2_m6_a1_1", "user_id": "madhavimvh", "score": {"sample": {"0": {"execution_time": 0.2981138229370117, "passed": false}, "1": {"execution_time": 0.2781217098236084, "passed": false}, "2": {"execution_time": 0.28646039962768555, "passed": false}, "3": {"execution_time": 0.28180837631225586, "passed": false}, "4": {"execution_time": 0.2842593193054199, "passed": false}, "5": {"execution_time": 0.3455369472503662, "passed": false}, "6": {"execution_time": 0.28531980514526367, "passed": true}, "7": {"execution_time": 0.28475046157836914, "passed": false}, "8": {"execution_time": 0.3197598457336426, "passed": true}, "9": {"execution_time": 0.3007938861846924, "passed": false}, "10": {"execution_time": 0.31017136573791504, "passed": true}, "11": {"execution_time": 0.2931249141693115, "passed": false}}}, "check_style_score": "0/1"}